dimension,steps,h,epsilon,rho,h5_error,euler_variance,mean_w2_component,covariance_w2_component,w2,score_l8_to_four,theorem_sqrt_dimension_term,weak_log_concavity_alpha,weak_log_concavity_M,hessian_l2_operator,H3,H6,H7
1,8,0.125,0.0,0.0,0.0,1.0587955275319167,0.0,0.028977904297228685,0.028977904297228685,19.595917942265423,4.538272572495555,1.0,0.0,1.0,True,True,True
1,8,0.125,0.0,0.25,0.0,1.089534972454533,0.0,0.04380791932928574,0.04380791932928574,24.311265488033104,5.031030261092961,0.8,0.0,1.3333333333333333,True,True,True
1,8,0.125,0.0,0.5,0.0,1.1214250401806731,0.0,0.05897357860367469,0.05897357860367469,46.392847469155164,6.884246325427001,0.6666666666666666,0.0,2.0,True,True,True
1,8,0.125,0.0,0.75,0.0,1.1544853006884446,0.0,0.07446977653559173,0.07446977653559173,171.500393118063,13.133940502304059,0.5714285714285714,0.0,4.0,True,True,True
1,8,0.125,0.02,0.0,0.02,1.0587955275319167,0.013127821683883668,0.028977904297228685,0.03181286908820377,19.595917942265423,4.538272572495555,1.0,0.0,1.0,True,True,True
1,8,0.125,0.02,0.25,0.02,1.089534972454533,0.013196533316635884,0.04380791932928574,0.0457524019865437,24.311265488033104,5.031030261092961,0.8,0.0,1.3333333333333333,True,True,True
1,8,0.125,0.02,0.5,0.02,1.1214250401806731,0.013239514068271738,0.05897357860367469,0.060441440304544056,46.392847469155164,6.884246325427001,0.6666666666666666,0.0,2.0,True,True,True
1,8,0.125,0.02,0.75,0.02,1.1544853006884446,0.013264282529161646,0.07446977653559173,0.07564184561652625,171.500393118063,13.133940502304059,0.5714285714285714,0.0,4.0,True,True,True
1,8,0.125,0.04,0.0,0.04,1.0587955275319167,0.026255643367767336,0.028977904297228685,0.0391034237134644,19.595917942265423,4.538272572495555,1.0,0.0,1.0,True,True,True
1,8,0.125,0.04,0.25,0.04,1.089534972454533,0.026393066633271768,0.04380791932928574,0.05114418600652014,24.311265488033104,5.031030261092961,0.8,0.0,1.3333333333333333,True,True,True
1,8,0.125,0.04,0.5,0.04,1.1214250401806731,0.026479028136543476,0.05897357860367469,0.06464535485539281,46.392847469155164,6.884246325427001,0.6666666666666666,0.0,2.0,True,True,True
1,8,0.125,0.04,0.75,0.04,1.1544853006884446,0.02652856505832329,0.07446977653559173,0.07905385747270438,171.500393118063,13.133940502304059,0.5714285714285714,0.0,4.0,True,True,True
1,8,0.125,0.08,0.0,0.08,1.0587955275319167,0.05251128673553467,0.028977904297228685,0.05997628007871849,19.595917942265423,4.538272572495555,1.0,0.0,1.0,True,True,True
1,8,0.125,0.08,0.25,0.08,1.089534972454533,0.052786133266543536,0.04380791932928574,0.06859671756865995,24.311265488033104,5.031030261092961,0.8,0.0,1.3333333333333333,True,True,True
1,8,0.125,0.08,0.5,0.08,1.1214250401806731,0.05295805627308695,0.05897357860367469,0.07926183632459724,46.392847469155164,6.884246325427001,0.6666666666666666,0.0,2.0,True,True,True
1,8,0.125,0.08,0.75,0.08,1.1544853006884446,0.05305713011664658,0.07446977653559173,0.0914374467790726,171.500393118063,13.133940502304059,0.5714285714285714,0.0,4.0,True,True,True
1,16,0.0625,0.0,0.0,0.0,1.0281681036652583,0.0,0.013986244317573782,0.013986244317573782,19.595917942265423,4.538272572495555,1.0,0.0,1.0,True,True,True
1,16,0.0625,0.0,0.25,0.0,1.0433463739967932,0.0,0.021443279872550347,0.021443279872550347,24.311265488033104,5.031030261092961,0.8,0.0,1.3333333333333333,True,True,True
1,16,0.0625,0.0,0.5,0.0,1.0588339248495242,0.0,0.02899656211744661,0.02899656211744661,46.392847469155164,6.884246325427001,0.6666666666666666,0.0,2.0,True,True,True
1,16,0.0625,0.0,0.75,0.0,1.0746327309645471,0.0,0.03664493968019111,0.03664493968019111,171.500393118063,13.133940502304059,0.5714285714285714,0.0,4.0,True,True,True
1,16,0.0625,0.02,0.0,0.02,1.0281681036652583,0.012878517390964144,0.013986244317573782,0.01901239701616371,19.595917942265423,4.538272572495555,1.0,0.0,1.0,True,True,True
1,16,0.0625,0.02,0.25,0.02,1.0433463739967932,0.012860640052677924,0.021443279872550347,0.02500420593134416,24.311265488033104,5.031030261092961,0.8,0.0,1.3333333333333333,True,True,True
1,16,0.0625,0.02,0.5,0.02,1.0588339248495242,0.012823994955238798,0.02899656211744661,0.03170576384891129,46.392847469155164,6.884246325427001,0.6666666666666666,0.0,2.0,True,True,True
1,16,0.0625,0.02,0.75,0.02,1.0746327309645471,0.012774868850794744,0.03664493968019111,0.03880784557689142,171.500393118063,13.133940502304059,0.5714285714285714,0.0,4.0,True,True,True
1,16,0.0625,0.04,0.0,0.04,1.0281681036652583,0.025757034781928288,0.013986244317573782,0.02930938195984911,19.595917942265423,4.538272572495555,1.0,0.0,1.0,True,True,True
1,16,0.0625,0.04,0.25,0.04,1.0433463739967932,0.025721280105355848,0.021443279872550347,0.03348728866227747,24.311265488033104,5.031030261092961,0.8,0.0,1.3333333333333333,True,True,True
1,16,0.0625,0.04,0.5,0.04,1.0588339248495242,0.025647989910477596,0.02899656211744661,0.038712013653114205,46.392847469155164,6.884246325427001,0.6666666666666666,0.0,2.0,True,True,True
1,16,0.0625,0.04,0.75,0.04,1.0746327309645471,0.025549737701589487,0.03664493968019111,0.0446725945159319,171.500393118063,13.133940502304059,0.5714285714285714,0.0,4.0,True,True,True
1,16,0.0625,0.08,0.0,0.08,1.0281681036652583,0.051514069563856575,0.013986244317573782,0.05337896957735995,19.595917942265423,4.538272572495555,1.0,0.0,1.0,True,True,True
1,16,0.0625,0.08,0.25,0.08,1.0433463739967932,0.051442560210711696,0.021443279872550347,0.05573285613285238,24.311265488033104,5.031030261092961,0.8,0.0,1.3333333333333333,True,True,True
1,16,0.0625,0.08,0.5,0.08,1.0588339248495242,0.05129597982095519,0.02899656211744661,0.05892434268129584,46.392847469155164,6.884246325427001,0.6666666666666666,0.0,2.0,True,True,True
1,16,0.0625,0.08,0.75,0.08,1.0746327309645471,0.051099475403178975,0.03664493968019111,0.06288090322701272,171.500393118063,13.133940502304059,0.5714285714285714,0.0,4.0,True,True,True
1,32,0.03125,0.0,0.0,0.0,1.013792316944786,0.0,0.0068725425518296746,0.0068725425518296746,19.595917942265423,4.538272572495555,1.0,0.0,1.0,True,True,True
1,32,0.03125,0.0,0.25,0.0,1.0213230321171602,0.0,0.01060528007583672,0.01060528007583672,24.311265488033104,5.031030261092961,0.8,0.0,1.3333333333333333,True,True,True
1,32,0.03125,0.0,0.5,0.0,1.0289387235062781,0.0,0.014366168356515274,0.014366168356515274,46.392847469155164,6.884246325427001,0.6666666666666666,0.0,2.0,True,True,True
1,32,0.03125,0.0,0.75,0.0,1.036639852050998,0.0,0.018155121801681995,0.018155121801681995,171.500393118063,13.133940502304059,0.5714285714285714,0.0,4.0,True,True,True
1,32,0.03125,0.02,0.0,0.02,1.013792316944786,0.012758894214873676,0.0068725425518296746,0.014492108980857357,19.595917942265423,4.538272572495555,1.0,0.0,1.0,True,True,True
1,32,0.03125,0.02,0.25,0.02,1.0213230321171602,0.0126981466459325,0.01060528007583672,0.016544331165947633,24.311265488033104,5.031030261092961,0.8,0.0,1.3333333333333333,True,True,True
1,32,0.03125,0.02,0.5,0.02,1.0289387235062781,0.012622009793399138,0.014366168356515274,0.019123334554214246,46.392847469155164,6.884246325427001,0.6666666666666666,0.0,2.0,True,True,True
1,32,0.03125,0.02,0.75,0.02,1.036639852050998,0.012536155217983595,0.018155121801681995,0.022062720486904743,171.500393118063,13.133940502304059,0.5714285714285714,0.0,4.0,True,True,True
1,32,0.03125,0.04,0.0,0.04,1.013792316944786,0.025517788429747352,0.0068725425518296746,0.026427057487962168,19.595917942265423,4.538272572495555,1.0,0.0,1.0,True,True,True
1,32,0.03125,0.04,0.25,0.04,1.0213230321171602,0.025396293291865,0.01060528007583672,0.0275216946871621,24.311265488033104,5.031030261092961,0.8,0.0,1.3333333333333333,True,True,True
1,32,0.03125,0.04,0.5,0.04,1.0289387235062781,0.025244019586798276,0.014366168356515274,0.029045607553404625,46.392847469155164,6.884246325427001,0.6666666666666666,0.0,2.0,True,True,True
1,32,0.03125,0.04,0.75,0.04,1.036639852050998,0.02507231043596719,0.018155121801681995,0.030955277389023962,171.500393118063,13.133940502304059,0.5714285714285714,0.0,4.0,True,True,True
1,32,0.03125,0.08,0.0,0.08,1.013792316944786,0.051035576859494704,0.0068725425518296746,0.051496232352552754,19.595917942265423,4.538272572495555,1.0,0.0,1.0,True,True,True
1,32,0.03125,0.08,0.25,0.08,1.0213230321171602,0.05079258658373,0.01060528007583672,0.05188794481719861,24.311265488033104,5.031030261092961,0.8,0.0,1.3333333333333333,True,True,True
1,32,0.03125,0.08,0.5,0.08,1.0289387235062781,0.05048803917359655,0.014366168356515274,0.05249217934933127,46.392847469155164,6.884246325427001,0.6666666666666666,0.0,2.0,True,True,True
1,32,0.03125,0.08,0.75,0.08,1.036639852050998,0.05014462087193438,0.018155121801681995,0.05333002390796338,171.500393118063,13.133940502304059,0.5714285714285714,0.0,4.0,True,True,True
1,64,0.015625,0.0,0.0,0.0,1.0068250774576404,0.0,0.003406735804399652,0.003406735804399652,19.595917942265423,4.538272572495555,1.0,0.0,1.0,True,True,True
1,64,0.015625,0.0,0.25,0.0,1.010574687377937,0.0,0.005273439108950617,0.005273439108950617,24.311265488033104,5.031030261092961,0.8,0.0,1.3333333333333333,True,True,True
1,64,0.015625,0.0,0.5,0.0,1.0143490382940403,0.0,0.007148965294628162,0.007148965294628162,46.392847469155164,6.884246325427001,0.6666666666666666,0.0,2.0,True,True,True
1,64,0.015625,0.0,0.75,0.0,1.0181483933838282,0.0,0.009033395574114866,0.009033395574114866,171.500393118063,13.133940502304059,0.5714285714285714,0.0,4.0,True,True,True
1,64,0.015625,0.02,0.0,0.02,1.0068250774576404,0.01270026951512186,0.003406735804399652,0.013149246921315007,19.595917942265423,4.538272572495555,1.0,0.0,1.0,True,True,True
1,64,0.015625,0.02,0.25,0.02,1.010574687377937,0.012618228241556798,0.005273439108950617,0.013675848931303367,24.311265488033104,5.031030261092961,0.8,0.0,1.3333333333333333,True,True,True
1,64,0.015625,0.02,0.5,0.02,1.0143490382940403,0.012522498116635847,0.007148965294628162,0.01441945435392568,46.392847469155164,6.884246325427001,0.6666666666666666,0.0,2.0,True,True,True
1,64,0.015625,0.02,0.75,0.02,1.0181483933838282,0.012418442144892489,0.009033395574114866,0.015356429953100428,171.500393118063,13.133940502304059,0.5714285714285714,0.0,4.0,True,True,True
1,64,0.015625,0.04,0.0,0.04,1.0068250774576404,0.02540053903024372,0.003406735804399652,0.025627977521995627,19.595917942265423,4.538272572495555,1.0,0.0,1.0,True,True,True
1,64,0.015625,0.04,0.25,0.04,1.010574687377937,0.025236456483113595,0.005273439108950617,0.02578154176654096,24.311265488033104,5.031030261092961,0.8,0.0,1.3333333333333333,True,True,True
1,64,0.015625,0.04,0.5,0.04,1.0143490382940403,0.025044996233271694,0.007148965294628162,0.0260453362640683,46.392847469155164,6.884246325427001,0.6666666666666666,0.0,2.0,True,True,True
1,64,0.015625,0.04,0.75,0.04,1.0181483933838282,0.024836884289784977,0.009033395574114866,0.026428640843270883,171.500393118063,13.133940502304059,0.5714285714285714,0.0,4.0,True,True,True
1,64,0.015625,0.08,0.0,0.08,1.0068250774576404,0.05080107806048744,0.003406735804399652,0.05091517829634614,19.595917942265423,4.538272572495555,1.0,0.0,1.0,True,True,True
1,64,0.015625,0.08,0.25,0.08,1.010574687377937,0.05047291296622719,0.005273439108950617,0.05074765121000335,24.311265488033104,5.031030261092961,0.8,0.0,1.3333333333333333,True,True,True
1,64,0.015625,0.08,0.5,0.08,1.0143490382940403,0.05008999246654339,0.007148965294628162,0.05059757948837248,46.392847469155164,6.884246325427001,0.6666666666666666,0.0,2.0,True,True,True
1,64,0.015625,0.08,0.75,0.08,1.0181483933838282,0.049673768579569955,0.009033395574114866,0.05048846918351862,171.500393118063,13.133940502304059,0.5714285714285714,0.0,4.0,True,True,True
1,128,0.0078125,0.0,0.0,0.0,1.0033949937268631,0.0,0.0016960585561187624,0.0016960585561187624,19.595917942265423,4.538272572495555,1.0,0.0,1.0,True,True,True
1,128,0.0078125,0.0,0.25,0.0,1.0052657295941883,0.0,0.0026294079041309093,0.0026294079041309093,24.311265488033104,5.031030261092961,0.8,0.0,1.3333333333333333,True,True,True
1,128,0.0078125,0.0,0.5,0.0,1.007144363516315,0.0,0.0035658242070197854,0.0035658242070197854,46.392847469155164,6.884246325427001,0.6666666666666666,0.0,2.0,True,True,True
1,128,0.0078125,0.0,0.75,0.0,1.0090310566426868,0.0,0.004505379100921969,0.004505379100921969,171.500393118063,13.133940502304059,0.5714285714285714,0.0,4.0,True,True,True
1,128,0.0078125,0.02,0.0,0.02,1.0033949937268631,0.012671245681559262,0.0016960585561187624,0.012784251317469393,19.595917942265423,4.538272572495555,1.0,0.0,1.0,True,True,True
1,128,0.0078125,0.02,0.25,0.02,1.0052657295941883,0.012578596805027945,0.0026294079041309093,0.012850481839595172,24.311265488033104,5.031030261092961,0.8,0.0,1.3333333333333333,True,True,True
1,128,0.0078125,0.02,0.5,0.02,1.007144363516315,0.012473116285347152,0.0035658242070197854,0.012972807411781022,46.392847469155164,6.884246325427001,0.6666666666666666,0.0,2.0,True,True,True
1,128,0.0078125,0.02,0.75,0.02,1.0090310566426868,0.012360012621735124,0.004505379100921969,0.013155544566929793,171.500393118063,13.133940502304059,0.5714285714285714,0.0,4.0,True,True,True
1,128,0.0078125,0.04,0.0,0.04,1.0033949937268631,0.025342491363118523,0.0016960585561187624,0.025399182725346116,19.595917942265423,4.538272572495555,1.0,0.0,1.0,True,True,True
1,128,0.0078125,0.04,0.25,0.04,1.0052657295941883,0.02515719361005589,0.0026294079041309093,0.02529423207492457,24.311265488033104,5.031030261092961,0.8,0.0,1.3333333333333333,True,True,True
1,128,0.0078125,0.04,0.5,0.04,1.007144363516315,0.024946232570694303,0.0035658242070197854,0.02519979408143125,46.392847469155164,6.884246325427001,0.6666666666666666,0.0,2.0,True,True,True
1,128,0.0078125,0.04,0.75,0.04,1.0090310566426868,0.024720025243470247,0.004505379100921969,0.025127237987507316,171.500393118063,13.133940502304059,0.5714285714285714,0.0,4.0,True,True,True
1,128,0.0078125,0.08,0.0,0.08,1.0033949937268631,0.050684982726237046,0.0016960585561187624,0.05071335217262542,19.595917942265423,4.538272572495555,1.0,0.0,1.0,True,True,True
1,128,0.0078125,0.08,0.25,0.08,1.0052657295941883,0.05031438722011178,0.0026294079041309093,0.05038304622848497,24.311265488033104,5.031030261092961,0.8,0.0,1.3333333333333333,True,True,True
1,128,0.0078125,0.08,0.5,0.08,1.007144363516315,0.049892465141388606,0.0035658242070197854,0.05001972790969624,46.392847469155164,6.884246325427001,0.6666666666666666,0.0,2.0,True,True,True
1,128,0.0078125,0.08,0.75,0.08,1.0090310566426868,0.049440050486940494,0.004505379100921969,0.0496449094368622,171.500393118063,13.133940502304059,0.5714285714285714,0.0,4.0,True,True,True
1,256,0.00390625,0.0,0.0,0.0,1.0016931383843215,0.0,0.0008462111555009866,0.0008462111555009866,19.595917942265423,4.538272572495555,1.0,0.0,1.0,True,True,True
1,256,0.00390625,0.0,0.25,0.0,1.0026274731747342,0.0,0.0013128747672899177,0.0013128747672899177,24.311265488033104,5.031030261092961,0.8,0.0,1.3333333333333333,True,True,True
1,256,0.00390625,0.0,0.5,0.0,1.0035646348261436,0.0,0.001780731910004052,0.001780731910004052,46.392847469155164,6.884246325427001,0.6666666666666666,0.0,2.0,True,True,True
1,256,0.00390625,0.0,0.75,0.0,1.0045047140809173,0.0,0.0022498261815351306,0.0022498261815351306,171.500393118063,13.133940502304059,0.5714285714285714,0.0,4.0,True,True,True
1,256,0.00390625,0.02,0.0,0.02,1.0016931383843215,0.01265680490216929,0.0008462111555009866,0.01268506143663762,19.595917942265423,4.538272572495555,1.0,0.0,1.0,True,True,True
1,256,0.00390625,0.02,0.25,0.02,1.0026274731747342,0.012558862493029345,0.0013128747672899177,0.01262729849466646,24.311265488033104,5.031030261092961,0.8,0.0,1.3333333333333333,True,True,True
1,256,0.00390625,0.02,0.5,0.02,1.0035646348261436,0.01244851928655402,0.001780731910004052,0.012575239105600104,46.392847469155164,6.884246325427001,0.6666666666666666,0.0,2.0,True,True,True
1,256,0.00390625,0.02,0.75,0.02,1.0045047140809173,0.012330906475633662,0.0022498261815351306,0.012534471363322234,171.500393118063,13.133940502304059,0.5714285714285714,0.0,4.0,True,True,True
1,256,0.00390625,0.04,0.0,0.04,1.0016931383843215,0.02531360980433858,0.0008462111555009866,0.02532774989307184,19.595917942265423,4.538272572495555,1.0,0.0,1.0,True,True,True
1,256,0.00390625,0.04,0.25,0.04,1.0026274731747342,0.02511772498605869,0.0013128747672899177,0.02515201281468073,24.311265488033104,5.031030261092961,0.8,0.0,1.3333333333333333,True,True,True
1,256,0.00390625,0.04,0.5,0.04,1.0035646348261436,0.02489703857310804,0.001780731910004052,0.024960639732309272,46.392847469155164,6.884246325427001,0.6666666666666666,0.0,2.0,True,True,True
1,256,0.00390625,0.04,0.75,0.04,1.0045047140809173,0.024661812951267324,0.0022498261815351306,0.024764222901000096,171.500393118063,13.133940502304059,0.5714285714285714,0.0,4.0,True,True,True
1,256,0.00390625,0.08,0.0,0.08,1.0016931383843215,0.05062721960867716,0.0008462111555009866,0.050634291133824706,19.595917942265423,4.538272572495555,1.0,0.0,1.0,True,True,True
1,256,0.00390625,0.08,0.25,0.08,1.0026274731747342,0.05023544997211738,0.0013128747672899177,0.05025260265952098,24.311265488033104,5.031030261092961,0.8,0.0,1.3333333333333333,True,True,True
1,256,0.00390625,0.08,0.5,0.08,1.0035646348261436,0.04979407714621608,0.001780731910004052,0.04982590817013399,46.392847469155164,6.884246325427001,0.6666666666666666,0.0,2.0,True,True,True
1,256,0.00390625,0.08,0.75,0.08,1.0045047140809173,0.04932362590253465,0.0022498261815351306,0.04937491053177016,171.500393118063,13.133940502304059,0.5714285714285714,0.0,4.0,True,True,True
1,512,0.001953125,0.0,0.0,0.0,1.0008454830200713,0.0,0.0004226521925976279,0.0004226521925976279,19.595917942265423,4.538272572495555,1.0,0.0,1.0,True,True,True
1,512,0.001953125,0.0,0.25,0.0,1.0013123901859964,0.0,0.0006559799381584686,0.0006559799381584686,24.311265488033104,5.031030261092961,0.8,0.0,1.3333333333333333,True,True,True
1,512,0.001953125,0.0,0.5,0.0,1.0017804297602297,0.0,0.0008898189911963339,0.0008898189911963339,46.392847469155164,6.884246325427001,0.6666666666666666,0.0,2.0,True,True,True
1,512,0.001953125,0.0,0.75,0.0,1.0022496500110578,0.0,0.0011241931004652983,0.0011241931004652983,171.500393118063,13.133940502304059,0.5714285714285714,0.0,4.0,True,True,True
1,512,0.001953125,0.02,0.0,0.02,1.0008454830200713,0.012649602174909113,0.0004226521925976279,0.01265666109443454,19.595917942265423,4.538272572495555,1.0,0.0,1.0,True,True,True
1,512,0.001953125,0.02,0.25,0.02,1.0013123901859964,0.012549015621903036,0.0006559799381584686,0.012566149082277865,24.311265488033104,5.031030261092961,0.8,0.0,1.3333333333333333,True,True,True
1,512,0.001953125,0.02,0.5,0.02,1.0017804297602297,0.012436244314608234,0.0008898189911963339,0.012468037154649456,46.392847469155164,6.884246325427001,0.6666666666666666,0.0,2.0,True,True,True
1,512,0.001953125,0.02,0.75,0.02,1.0022496500110578,0.012316380779582498,0.0011241931004652983,0.01236758042766664,171.500393118063,13.133940502304059,0.5714285714285714,0.0,4.0,True,True,True
1,512,0.001953125,0.04,0.0,0.04,1.0008454830200713,0.025299204349818225,0.0004226521925976279,0.025302734548063553,19.595917942265423,4.538272572495555,1.0,0.0,1.0,True,True,True
1,512,0.001953125,0.04,0.25,0.04,1.0013123901859964,0.025098031243806072,0.0006559799381584686,0.025106602358629337,24.311265488033104,5.031030261092961,0.8,0.0,1.3333333333333333,True,True,True
1,512,0.001953125,0.04,0.5,0.04,1.0017804297602297,0.02487248862921647,0.0008898189911963339,0.024888400278997365,46.392847469155164,6.884246325427001,0.6666666666666666,0.0,2.0,True,True,True
1,512,0.001953125,0.04,0.75,0.04,1.0022496500110578,0.024632761559164995,0.0011241931004652983,0.024658401249022827,171.500393118063,13.133940502304059,0.5714285714285714,0.0,4.0,True,True,True
1,512,0.001953125,0.08,0.0,0.08,1.0008454830200713,0.05059840869963645,0.0004226521925976279,0.05060017389111774,19.595917942265423,4.538272572495555,1.0,0.0,1.0,True,True,True
1,512,0.001953125,0.08,0.25,0.08,1.0013123901859964,0.050196062487612145,0.0006559799381584686,0.0502003485938049,24.311265488033104,5.031030261092961,0.8,0.0,1.3333333333333333,True,True,True
1,512,0.001953125,0.08,0.5,0.08,1.0017804297602297,0.04974497725843294,0.0008898189911963339,0.049752934991607316,46.392847469155164,6.884246325427001,0.6666666666666666,0.0,2.0,True,True,True
1,512,0.001953125,0.08,0.75,0.08,1.0022496500110578,0.04926552311832999,0.0011241931004652983,0.049278347965915424,171.500393118063,13.133940502304059,0.5714285714285714,0.0,4.0,True,True,True
2,8,0.125,0.0,0.0,0.0,1.0587955275319167,0.0,0.0409809452662904,0.0409809452662904,43.81780460041329,9.779346051798482,1.0,0.0,1.0,True,True,True
2,8,0.125,0.0,0.25,0.0,1.089534972454533,0.0,0.061953753654822356,0.061953753654822356,52.8974902436219,10.667473013195009,0.8,0.0,1.3333333333333333,True,True,True
2,8,0.125,0.0,0.5,0.0,1.1214250401806731,0.0,0.08340123468299253,0.08340123468299253,95.80226549551986,14.12814676420937,0.6666666666666666,0.0,2.0,True,True,True
2,8,0.125,0.0,0.75,0.0,1.1544853006884446,0.0,0.10531616796352751,0.10531616796352751,338.64609281164473,26.17808598089802,0.5714285714285714,0.0,4.0,True,True,True
2,8,0.125,0.02,0.0,0.02,1.0587955275319167,0.013127821683883668,0.0409809452662904,0.0430322852877062,43.81780460041329,9.779346051798482,1.0,0.0,1.0,True,True,True
2,8,0.125,0.02,0.25,0.02,1.089534972454533,0.013196533316635884,0.061953753654822356,0.06334363490911692,52.8974902436219,10.667473013195009,0.8,0.0,1.3333333333333333,True,True,True
2,8,0.125,0.02,0.5,0.02,1.1214250401806731,0.013239514068271738,0.08340123468299253,0.0844455486062561,95.80226549551986,14.12814676420937,0.6666666666666666,0.0,2.0,True,True,True
2,8,0.125,0.02,0.75,0.02,1.1544853006884446,0.013264282529161646,0.10531616796352751,0.1061481814518523,338.64609281164473,26.17808598089802,0.5714285714285714,0.0,4.0,True,True,True
2,8,0.125,0.04,0.0,0.04,1.0587955275319167,0.026255643367767336,0.0409809452662904,0.04867028542729202,43.81780460041329,9.779346051798482,1.0,0.0,1.0,True,True,True
2,8,0.125,0.04,0.25,0.04,1.089534972454533,0.026393066633271768,0.061953753654822356,0.06734138072708888,52.8974902436219,10.667473013195009,0.8,0.0,1.3333333333333333,True,True,True
2,8,0.125,0.04,0.5,0.04,1.1214250401806731,0.026479028136543476,0.08340123468299253,0.08750374207828747,95.80226549551986,14.12814676420937,0.6666666666666666,0.0,2.0,True,True,True
2,8,0.125,0.04,0.75,0.04,1.1544853006884446,0.02652856505832329,0.10531616796352751,0.10860598509555369,338.64609281164473,26.17808598089802,0.5714285714285714,0.0,4.0,True,True,True
2,8,0.125,0.08,0.0,0.08,1.0587955275319167,0.05251128673553467,0.0409809452662904,0.06660985745023201,43.81780460041329,9.779346051798482,1.0,0.0,1.0,True,True,True
2,8,0.125,0.08,0.25,0.08,1.089534972454533,0.052786133266543536,0.061953753654822356,0.08139191272574757,52.8974902436219,10.667473013195009,0.8,0.0,1.3333333333333333,True,True,True
2,8,0.125,0.08,0.5,0.08,1.1214250401806731,0.05295805627308695,0.08340123468299253,0.09879434027752318,95.80226549551986,14.12814676420937,0.6666666666666666,0.0,2.0,True,True,True
2,8,0.125,0.08,0.75,0.08,1.1544853006884446,0.05305713011664658,0.10531616796352751,0.11792605433379302,338.64609281164473,26.17808598089802,0.5714285714285714,0.0,4.0,True,True,True
2,16,0.0625,0.0,0.0,0.0,1.0281681036652583,0.0,0.019779536400576475,0.019779536400576475,43.81780460041329,9.779346051798482,1.0,0.0,1.0,True,True,True
2,16,0.0625,0.0,0.25,0.0,1.0433463739967932,0.0,0.030325377217522716,0.030325377217522716,52.8974902436219,10.667473013195009,0.8,0.0,1.3333333333333333,True,True,True
2,16,0.0625,0.0,0.5,0.0,1.0588339248495242,0.0,0.04100733140868691,0.04100733140868691,95.80226549551986,14.12814676420937,0.6666666666666666,0.0,2.0,True,True,True
2,16,0.0625,0.0,0.75,0.0,1.0746327309645471,0.0,0.051823770688070266,0.051823770688070266,338.64609281164473,26.17808598089802,0.5714285714285714,0.0,4.0,True,True,True
2,16,0.0625,0.02,0.0,0.02,1.0281681036652583,0.012878517390964144,0.019779536400576475,0.02360267506896402,43.81780460041329,9.779346051798482,1.0,0.0,1.0,True,True,True
2,16,0.0625,0.02,0.25,0.02,1.0433463739967932,0.012860640052677924,0.030325377217522716,0.03293971107872061,52.8974902436219,10.667473013195009,0.8,0.0,1.3333333333333333,True,True,True
2,16,0.0625,0.02,0.5,0.02,1.0588339248495242,0.012823994955238798,0.04100733140868691,0.0429657546875866,95.80226549551986,14.12814676420937,0.6666666666666666,0.0,2.0,True,True,True
2,16,0.0625,0.02,0.75,0.02,1.0746327309645471,0.012774868850794744,0.051823770688070266,0.05337509234169714,338.64609281164473,26.17808598089802,0.5714285714285714,0.0,4.0,True,True,True
2,16,0.0625,0.04,0.0,0.04,1.0281681036652583,0.025757034781928288,0.019779536400576475,0.032475450743279816,43.81780460041329,9.779346051798482,1.0,0.0,1.0,True,True,True
2,16,0.0625,0.04,0.25,0.04,1.0433463739967932,0.025721280105355848,0.030325377217522716,0.039764465967031676,52.8974902436219,10.667473013195009,0.8,0.0,1.3333333333333333,True,True,True
2,16,0.0625,0.04,0.5,0.04,1.0588339248495242,0.025647989910477596,0.04100733140868691,0.048367557470993305,95.80226549551986,14.12814676420937,0.6666666666666666,0.0,2.0,True,True,True
2,16,0.0625,0.04,0.75,0.04,1.0746327309645471,0.025549737701589487,0.051823770688070266,0.05777968765015708,338.64609281164473,26.17808598089802,0.5714285714285714,0.0,4.0,True,True,True
2,16,0.0625,0.08,0.0,0.08,1.0281681036652583,0.051514069563856575,0.019779536400576475,0.055180879145330625,43.81780460041329,9.779346051798482,1.0,0.0,1.0,True,True,True
2,16,0.0625,0.08,0.25,0.08,1.0433463739967932,0.051442560210711696,0.030325377217522716,0.05971570567629377,52.8974902436219,10.667473013195009,0.8,0.0,1.3333333333333333,True,True,True
2,16,0.0625,0.08,0.5,0.08,1.0588339248495242,0.05129597982095519,0.04100733140868691,0.06567251156346712,95.80226549551986,14.12814676420937,0.6666666666666666,0.0,2.0,True,True,True
2,16,0.0625,0.08,0.75,0.08,1.0746327309645471,0.051099475403178975,0.051823770688070266,0.07277952730548463,338.64609281164473,26.17808598089802,0.5714285714285714,0.0,4.0,True,True,True
2,32,0.03125,0.0,0.0,0.0,1.013792316944786,0.0,0.009719242884783727,0.009719242884783727,43.81780460041329,9.779346051798482,1.0,0.0,1.0,True,True,True
2,32,0.03125,0.0,0.25,0.0,1.0213230321171602,0.0,0.014998130916013458,0.014998130916013458,52.8974902436219,10.667473013195009,0.8,0.0,1.3333333333333333,True,True,True
2,32,0.03125,0.0,0.5,0.0,1.0289387235062781,0.0,0.0203168301291191,0.0203168301291191,95.80226549551986,14.12814676420937,0.6666666666666666,0.0,2.0,True,True,True
2,32,0.03125,0.0,0.75,0.0,1.036639852050998,0.0,0.025675219478474138,0.025675219478474138,338.64609281164473,26.17808598089802,0.5714285714285714,0.0,4.0,True,True,True
2,32,0.03125,0.02,0.0,0.02,1.013792316944786,0.012758894214873676,0.009719242884783727,0.016039110444153567,43.81780460041329,9.779346051798482,1.0,0.0,1.0,True,True,True
2,32,0.03125,0.02,0.25,0.02,1.0213230321171602,0.0126981466459325,0.014998130916013458,0.01965163757083581,52.8974902436219,10.667473013195009,0.8,0.0,1.3333333333333333,True,True,True
2,32,0.03125,0.02,0.5,0.02,1.0289387235062781,0.012622009793399138,0.0203168301291191,0.02391837615140596,95.80226549551986,14.12814676420937,0.6666666666666666,0.0,2.0,True,True,True
2,32,0.03125,0.02,0.75,0.02,1.036639852050998,0.012536155217983595,0.025675219478474138,0.02857222572564474,338.64609281164473,26.17808598089802,0.5714285714285714,0.0,4.0,True,True,True
2,32,0.03125,0.04,0.0,0.04,1.013792316944786,0.025517788429747352,0.009719242884783727,0.027306065417755942,43.81780460041329,9.779346051798482,1.0,0.0,1.0,True,True,True
2,32,0.03125,0.04,0.25,0.04,1.0213230321171602,0.025396293291865,0.014998130916013458,0.02949433240370607,52.8974902436219,10.667473013195009,0.8,0.0,1.3333333333333333,True,True,True
2,32,0.03125,0.04,0.5,0.04,1.0289387235062781,0.025244019586798276,0.0203168301291191,0.032404229838003194,95.80226549551986,14.12814676420937,0.6666666666666666,0.0,2.0,True,True,True
2,32,0.03125,0.04,0.75,0.04,1.036639852050998,0.02507231043596719,0.025675219478474138,0.035886454908019644,338.64609281164473,26.17808598089802,0.5714285714285714,0.0,4.0,True,True,True
2,32,0.03125,0.08,0.0,0.08,1.013792316944786,0.051035576859494704,0.009719242884783727,0.05195280346270844,43.81780460041329,9.779346051798482,1.0,0.0,1.0,True,True,True
2,32,0.03125,0.08,0.25,0.08,1.0213230321171602,0.05079258658373,0.014998130916013458,0.05296065315722218,52.8974902436219,10.667473013195009,0.8,0.0,1.3333333333333333,True,True,True
2,32,0.03125,0.08,0.5,0.08,1.0289387235062781,0.05048803917359655,0.0203168301291191,0.054422565963854565,95.80226549551986,14.12814676420937,0.6666666666666666,0.0,2.0,True,True,True
2,32,0.03125,0.08,0.75,0.08,1.036639852050998,0.05014462087193438,0.025675219478474138,0.05633560062392035,338.64609281164473,26.17808598089802,0.5714285714285714,0.0,4.0,True,True,True
2,64,0.015625,0.0,0.0,0.0,1.0068250774576404,0.0,0.004817851978004004,0.004817851978004004,43.81780460041329,9.779346051798482,1.0,0.0,1.0,True,True,True
2,64,0.015625,0.0,0.25,0.0,1.010574687377937,0.0,0.007457769108226653,0.007457769108226653,52.8974902436219,10.667473013195009,0.8,0.0,1.3333333333333333,True,True,True
2,64,0.015625,0.0,0.5,0.0,1.0143490382940403,0.0,0.010110163676597717,0.010110163676597717,95.80226549551986,14.12814676420937,0.6666666666666666,0.0,2.0,True,True,True
2,64,0.015625,0.0,0.75,0.0,1.0181483933838282,0.0,0.012775150535194336,0.012775150535194336,338.64609281164473,26.17808598089802,0.5714285714285714,0.0,4.0,True,True,True
2,64,0.015625,0.02,0.0,0.02,1.0068250774576404,0.01270026951512186,0.004817851978004004,0.013583392191889724,43.81780460041329,9.779346051798482,1.0,0.0,1.0,True,True,True
2,64,0.015625,0.02,0.25,0.02,1.010574687377937,0.012618228241556798,0.007457769108226653,0.014657353240869966,52.8974902436219,10.667473013195009,0.8,0.0,1.3333333333333333,True,True,True
2,64,0.015625,0.02,0.5,0.02,1.0143490382940403,0.012522498116635847,0.010110163676597717,0.016094358286329536,95.80226549551986,14.12814676420937,0.6666666666666666,0.0,2.0,True,True,True
2,64,0.015625,0.02,0.75,0.02,1.0181483933838282,0.012418442144892489,0.012775150535194336,0.017816345767382214,338.64609281164473,26.17808598089802,0.5714285714285714,0.0,4.0,True,True,True
2,64,0.015625,0.04,0.0,0.04,1.0068250774576404,0.02540053903024372,0.004817851978004004,0.02585341526198989,43.81780460041329,9.779346051798482,1.0,0.0,1.0,True,True,True
2,64,0.015625,0.04,0.25,0.04,1.010574687377937,0.025236456483113595,0.007457769108226653,0.026315338795001406,52.8974902436219,10.667473013195009,0.8,0.0,1.3333333333333333,True,True,True
2,64,0.015625,0.04,0.5,0.04,1.0143490382940403,0.025044996233271694,0.010110163676597717,0.027008651315683817,95.80226549551986,14.12814676420937,0.6666666666666666,0.0,2.0,True,True,True
2,64,0.015625,0.04,0.75,0.04,1.0181483933838282,0.024836884289784977,0.012775150535194336,0.02792982800557576,338.64609281164473,26.17808598089802,0.5714285714285714,0.0,4.0,True,True,True
2,64,0.015625,0.08,0.0,0.08,1.0068250774576404,0.05080107806048744,0.004817851978004004,0.051029023406192045,43.81780460041329,9.779346051798482,1.0,0.0,1.0,True,True,True
2,64,0.015625,0.08,0.25,0.08,1.010574687377937,0.05047291296622719,0.007457769108226653,0.05102091006017008,52.8974902436219,10.667473013195009,0.8,0.0,1.3333333333333333,True,True,True
2,64,0.015625,0.08,0.5,0.08,1.0143490382940403,0.05008999246654339,0.010110163676597717,0.05110012480284142,95.80226549551986,14.12814676420937,0.6666666666666666,0.0,2.0,True,True,True
2,64,0.015625,0.08,0.75,0.08,1.0181483933838282,0.049673768579569955,0.012775150535194336,0.05129023061064892,338.64609281164473,26.17808598089802,0.5714285714285714,0.0,4.0,True,True,True
2,128,0.0078125,0.0,0.0,0.0,1.0033949937268631,0.0,0.002398589012642083,0.002398589012642083,43.81780460041329,9.779346051798482,1.0,0.0,1.0,True,True,True
2,128,0.0078125,0.0,0.25,0.0,1.0052657295941883,0.0,0.003718544319032947,0.003718544319032947,52.8974902436219,10.667473013195009,0.8,0.0,1.3333333333333333,True,True,True
2,128,0.0078125,0.0,0.5,0.0,1.007144363516315,0.0,0.005042836954605668,0.005042836954605668,95.80226549551986,14.12814676420937,0.6666666666666666,0.0,2.0,True,True,True
2,128,0.0078125,0.0,0.75,0.0,1.0090310566426868,0.0,0.00637156822815615,0.00637156822815615,338.64609281164473,26.17808598089802,0.5714285714285714,0.0,4.0,True,True,True
2,128,0.0078125,0.02,0.0,0.02,1.0033949937268631,0.012671245681559262,0.002398589012642083,0.01289626676112128,43.81780460041329,9.779346051798482,1.0,0.0,1.0,True,True,True
2,128,0.0078125,0.02,0.25,0.02,1.0052657295941883,0.012578596805027945,0.003718544319032947,0.013116732422218249,52.8974902436219,10.667473013195009,0.8,0.0,1.3333333333333333,True,True,True
2,128,0.0078125,0.02,0.5,0.02,1.007144363516315,0.012473116285347152,0.005042836954605668,0.013453952371646366,95.80226549551986,14.12814676420937,0.6666666666666666,0.0,2.0,True,True,True
2,128,0.0078125,0.02,0.75,0.02,1.0090310566426868,0.012360012621735124,0.00637156822815615,0.01390563891719832,338.64609281164473,26.17808598089802,0.5714285714285714,0.0,4.0,True,True,True
2,128,0.0078125,0.04,0.0,0.04,1.0033949937268631,0.025342491363118523,0.002398589012642083,0.02545574783307896,43.81780460041329,9.779346051798482,1.0,0.0,1.0,True,True,True
2,128,0.0078125,0.04,0.25,0.04,1.0052657295941883,0.02515719361005589,0.003718544319032947,0.025430532086184298,52.8974902436219,10.667473013195009,0.8,0.0,1.3333333333333333,True,True,True
2,128,0.0078125,0.04,0.5,0.04,1.007144363516315,0.024946232570694303,0.005042836954605668,0.025450829535044746,95.80226549551986,14.12814676420937,0.6666666666666666,0.0,2.0,True,True,True
2,128,0.0078125,0.04,0.75,0.04,1.0090310566426868,0.024720025243470247,0.00637156822815615,0.025527955846950518,338.64609281164473,26.17808598089802,0.5714285714285714,0.0,4.0,True,True,True
2,128,0.0078125,0.08,0.0,0.08,1.0033949937268631,0.050684982726237046,0.002398589012642083,0.05074170575779371,43.81780460041329,9.779346051798482,1.0,0.0,1.0,True,True,True
2,128,0.0078125,0.08,0.25,0.08,1.0052657295941883,0.05031438722011178,0.003718544319032947,0.05045161179970328,52.8974902436219,10.667473013195009,0.8,0.0,1.3333333333333333,True,True,True
2,128,0.0078125,0.08,0.5,0.08,1.007144363516315,0.049892465141388606,0.005042836954605668,0.05014666771018204,95.80226549551986,14.12814676420937,0.6666666666666666,0.0,2.0,True,True,True
2,128,0.0078125,0.08,0.75,0.08,1.0090310566426868,0.049440050486940494,0.00637156822815615,0.049848926506367956,338.64609281164473,26.17808598089802,0.5714285714285714,0.0,4.0,True,True,True
2,256,0.00390625,0.0,0.0,0.0,1.0016931383843215,0.0,0.0011967232927409034,0.0011967232927409034,43.81780460041329,9.779346051798482,1.0,0.0,1.0,True,True,True
2,256,0.00390625,0.0,0.25,0.0,1.0026274731747342,0.0,0.0018566853015988228,0.0018566853015988228,52.8974902436219,10.667473013195009,0.8,0.0,1.3333333333333333,True,True,True
2,256,0.00390625,0.0,0.5,0.0,1.0035646348261436,0.0,0.0025183352180782764,0.0025183352180782764,95.80226549551986,14.12814676420937,0.6666666666666666,0.0,2.0,True,True,True
2,256,0.00390625,0.0,0.75,0.0,1.0045047140809173,0.0,0.003181734698909055,0.003181734698909055,338.64609281164473,26.17808598089802,0.5714285714285714,0.0,4.0,True,True,True
2,256,0.00390625,0.02,0.0,0.02,1.0016931383843215,0.01265680490216929,0.0011967232927409034,0.012713255168168583,43.81780460041329,9.779346051798482,1.0,0.0,1.0,True,True,True
2,256,0.00390625,0.02,0.25,0.02,1.0026274731747342,0.012558862493029345,0.0018566853015988228,0.012695365588591467,52.8974902436219,10.667473013195009,0.8,0.0,1.3333333333333333,True,True,True
2,256,0.00390625,0.02,0.5,0.02,1.0035646348261436,0.01244851928655402,0.0025183352180782764,0.012700694654164424,95.80226549551986,14.12814676420937,0.6666666666666666,0.0,2.0,True,True,True
2,256,0.00390625,0.02,0.75,0.02,1.0045047140809173,0.012330906475633662,0.003181734698909055,0.012734782691709587,338.64609281164473,26.17808598089802,0.5714285714285714,0.0,4.0,True,True,True
2,256,0.00390625,0.04,0.0,0.04,1.0016931383843215,0.02531360980433858,0.0011967232927409034,0.025341882092017057,43.81780460041329,9.779346051798482,1.0,0.0,1.0,True,True,True
2,256,0.00390625,0.04,0.25,0.04,1.0026274731747342,0.02511772498605869,0.0018566853015988228,0.025186253964900183,52.8974902436219,10.667473013195009,0.8,0.0,1.3333333333333333,True,True,True
2,256,0.00390625,0.04,0.5,0.04,1.0035646348261436,0.02489703857310804,0.0025183352180782764,0.025024079243429576,95.80226549551986,14.12814676420937,0.6666666666666666,0.0,2.0,True,True,True
2,256,0.00390625,0.04,0.75,0.04,1.0045047140809173,0.024661812951267324,0.003181734698909055,0.024866211085276715,338.64609281164473,26.17808598089802,0.5714285714285714,0.0,4.0,True,True,True
2,256,0.00390625,0.08,0.0,0.08,1.0016931383843215,0.05062721960867716,0.0011967232927409034,0.05064136167150932,43.81780460041329,9.779346051798482,1.0,0.0,1.0,True,True,True
2,256,0.00390625,0.08,0.25,0.08,1.0026274731747342,0.05023544997211738,0.0018566853015988228,0.05026974949420657,52.8974902436219,10.667473013195009,0.8,0.0,1.3333333333333333,True,True,True
2,256,0.00390625,0.08,0.5,0.08,1.0035646348261436,0.04979407714621608,0.0025183352180782764,0.04985771887194532,95.80226549551986,14.12814676420937,0.6666666666666666,0.0,2.0,True,True,True
2,256,0.00390625,0.08,0.75,0.08,1.0045047140809173,0.04932362590253465,0.003181734698909055,0.049426141948036253,338.64609281164473,26.17808598089802,0.5714285714285714,0.0,4.0,True,True,True
2,512,0.001953125,0.0,0.0,0.0,1.0008454830200713,0.0,0.0005977204629382908,0.0005977204629382908,43.81780460041329,9.779346051798482,1.0,0.0,1.0,True,True,True
2,512,0.001953125,0.0,0.25,0.0,1.0013123901859964,0.0,0.0009276957251883705,0.0009276957251883705,52.8974902436219,10.667473013195009,0.8,0.0,1.3333333333333333,True,True,True
2,512,0.001953125,0.0,0.5,0.0,1.0017804297602297,0.0,0.001258394085407001,0.001258394085407001,95.80226549551986,14.12814676420937,0.6666666666666666,0.0,2.0,True,True,True
2,512,0.001953125,0.0,0.75,0.0,1.0022496500110578,0.0,0.0015898491294042843,0.0015898491294042843,338.64609281164473,26.17808598089802,0.5714285714285714,0.0,4.0,True,True,True
2,512,0.001953125,0.02,0.0,0.02,1.0008454830200713,0.012649602174909113,0.0005977204629382908,0.012663716079227318,43.81780460041329,9.779346051798482,1.0,0.0,1.0,True,True,True
2,512,0.001953125,0.02,0.25,0.02,1.0013123901859964,0.012549015621903036,0.0009276957251883705,0.012583259213625825,52.8974902436219,10.667473013195009,0.8,0.0,1.3333333333333333,True,True,True
2,512,0.001953125,0.02,0.5,0.02,1.0017804297602297,0.012436244314608234,0.001258394085407001,0.012499749130555099,95.80226549551986,14.12814676420937,0.6666666666666666,0.0,2.0,True,True,True
2,512,0.001953125,0.02,0.75,0.02,1.0022496500110578,0.012316380779582498,0.0015898491294042843,0.012418568990102552,338.64609281164473,26.17808598089802,0.5714285714285714,0.0,4.0,True,True,True
2,512,0.001953125,0.04,0.0,0.04,1.0008454830200713,0.025299204349818225,0.0005977204629382908,0.025306264253849808,43.81780460041329,9.779346051798482,1.0,0.0,1.0,True,True,True
2,512,0.001953125,0.04,0.25,0.04,1.0013123901859964,0.025098031243806072,0.0009276957251883705,0.025115170548367746,52.8974902436219,10.667473013195009,0.8,0.0,1.3333333333333333,True,True,True
2,512,0.001953125,0.04,0.5,0.04,1.0017804297602297,0.02487248862921647,0.001258394085407001,0.024904301762641124,95.80226549551986,14.12814676420937,0.6666666666666666,0.0,2.0,True,True,True
2,512,0.001953125,0.04,0.75,0.04,1.0022496500110578,0.024632761559164995,0.0015898491294042843,0.024684014306529323,338.64609281164473,26.17808598089802,0.5714285714285714,0.0,4.0,True,True,True
2,512,0.001953125,0.08,0.0,0.08,1.0008454830200713,0.05059840869963645,0.0005977204629382908,0.050601939021022314,43.81780460041329,9.779346051798482,1.0,0.0,1.0,True,True,True
2,512,0.001953125,0.08,0.25,0.08,1.0013123901859964,0.050196062487612145,0.0009276957251883705,0.05020463433408111,52.8974902436219,10.667473013195009,0.8,0.0,1.3333333333333333,True,True,True
2,512,0.001953125,0.08,0.5,0.08,1.0017804297602297,0.04974497725843294,0.001258394085407001,0.049760891452185596,95.80226549551986,14.12814676420937,0.6666666666666666,0.0,2.0,True,True,True
2,512,0.001953125,0.08,0.75,0.08,1.0022496500110578,0.04926552311832999,0.0015898491294042843,0.04929116947666158,338.64609281164473,26.17808598089802,0.5714285714285714,0.0,4.0,True,True,True
4,8,0.125,0.0,0.0,0.0,1.0587955275319167,0.0,0.05795580859445737,0.05795580859445737,115.9310139695155,22.97224533819152,1.0,0.0,1.0,True,True,True
4,8,0.125,0.0,0.25,0.0,1.089534972454533,0.0,0.08761583865857148,0.08761583865857148,136.7819957829625,24.721002874718696,0.8,0.0,1.3333333333333333,True,True,True
4,8,0.125,0.0,0.5,0.0,1.1214250401806731,0.0,0.11794715720734938,0.11794715720734938,235.47336092157792,31.715823238350787,0.6666666666666666,0.0,2.0,True,True,True
4,8,0.125,0.0,0.75,0.0,1.1544853006884446,0.0,0.14893955307118345,0.14893955307118345,790.2030021918753,56.78742826337094,0.5714285714285714,0.0,4.0,True,True,True
4,8,0.125,0.02,0.0,0.02,1.0587955275319167,0.013127821683883668,0.05795580859445737,0.059424030930266124,115.9310139695155,22.97224533819152,1.0,0.0,1.0,True,True,True
4,8,0.125,0.02,0.25,0.02,1.089534972454533,0.013196533316635884,0.08761583865857148,0.08860408385295741,136.7819957829625,24.721002874718696,0.8,0.0,1.3333333333333333,True,True,True
4,8,0.125,0.02,0.5,0.02,1.1214250401806731,0.013239514068271738,0.11794715720734938,0.11868789587004715,235.47336092157792,31.715823238350787,0.6666666666666666,0.0,2.0,True,True,True
4,8,0.125,0.02,0.75,0.02,1.1544853006884446,0.013264282529161646,0.14893955307118345,0.1495290328332839,790.2030021918753,56.78742826337094,0.5714285714285714,0.0,4.0,True,True,True
4,8,0.125,0.04,0.0,0.04,1.0587955275319167,0.026255643367767336,0.05795580859445737,0.06362573817640754,115.9310139695155,22.97224533819152,1.0,0.0,1.0,True,True,True
4,8,0.125,0.04,0.25,0.04,1.089534972454533,0.026393066633271768,0.08761583865857148,0.0915048039730874,136.7819957829625,24.721002874718696,0.8,0.0,1.3333333333333333,True,True,True
4,8,0.125,0.04,0.5,0.04,1.1214250401806731,0.026479028136543476,0.11794715720734938,0.12088288060908811,235.47336092157792,31.715823238350787,0.6666666666666666,0.0,2.0,True,True,True
4,8,0.125,0.04,0.75,0.04,1.1544853006884446,0.02652856505832329,0.14893955307118345,0.1512836912330525,790.2030021918753,56.78742826337094,0.5714285714285714,0.0,4.0,True,True,True
4,8,0.125,0.08,0.0,0.08,1.0587955275319167,0.05251128673553467,0.05795580859445737,0.0782068474269288,115.9310139695155,22.97224533819152,1.0,0.0,1.0,True,True,True
4,8,0.125,0.08,0.25,0.08,1.089534972454533,0.052786133266543536,0.08761583865857148,0.10228837201304028,136.7819957829625,24.721002874718696,0.8,0.0,1.3333333333333333,True,True,True
4,8,0.125,0.08,0.5,0.08,1.1214250401806731,0.05295805627308695,0.11794715720734938,0.12929070971078563,235.47336092157792,31.715823238350787,0.6666666666666666,0.0,2.0,True,True,True
4,8,0.125,0.08,0.75,0.08,1.1544853006884446,0.05305713011664658,0.14893955307118345,0.15810771494540876,790.2030021918753,56.78742826337094,0.5714285714285714,0.0,4.0,True,True,True
4,16,0.0625,0.0,0.0,0.0,1.0281681036652583,0.0,0.027972488635147563,0.027972488635147563,115.9310139695155,22.97224533819152,1.0,0.0,1.0,True,True,True
4,16,0.0625,0.0,0.25,0.0,1.0433463739967932,0.0,0.042886559745100694,0.042886559745100694,136.7819957829625,24.721002874718696,0.8,0.0,1.3333333333333333,True,True,True
4,16,0.0625,0.0,0.5,0.0,1.0588339248495242,0.0,0.05799312423489322,0.05799312423489322,235.47336092157792,31.715823238350787,0.6666666666666666,0.0,2.0,True,True,True
4,16,0.0625,0.0,0.75,0.0,1.0746327309645471,0.0,0.07328987936038223,0.07328987936038223,790.2030021918753,56.78742826337094,0.5714285714285714,0.0,4.0,True,True,True
4,16,0.0625,0.02,0.0,0.02,1.0281681036652583,0.012878517390964144,0.027972488635147563,0.030794745178890918,115.9310139695155,22.97224533819152,1.0,0.0,1.0,True,True,True
4,16,0.0625,0.02,0.25,0.02,1.0433463739967932,0.012860640052677924,0.042886559745100694,0.044773352223556315,136.7819957829625,24.721002874718696,0.8,0.0,1.3333333333333333,True,True,True
4,16,0.0625,0.02,0.5,0.02,1.0588339248495242,0.012823994955238798,0.05799312423489322,0.05939408476553663,235.47336092157792,31.715823238350787,0.6666666666666666,0.0,2.0,True,True,True
4,16,0.0625,0.02,0.75,0.02,1.0746327309645471,0.012774868850794744,0.07328987936038223,0.07439491710335046,790.2030021918753,56.78742826337094,0.5714285714285714,0.0,4.0,True,True,True
4,16,0.0625,0.04,0.0,0.04,1.0281681036652583,0.025757034781928288,0.027972488635147563,0.03802479403232742,115.9310139695155,22.97224533819152,1.0,0.0,1.0,True,True,True
4,16,0.0625,0.04,0.25,0.04,1.0433463739967932,0.025721280105355848,0.042886559745100694,0.05000841186268832,136.7819957829625,24.721002874718696,0.8,0.0,1.3333333333333333,True,True,True
4,16,0.0625,0.04,0.5,0.04,1.0588339248495242,0.025647989910477596,0.05799312423489322,0.06341152769782259,235.47336092157792,31.715823238350787,0.6666666666666666,0.0,2.0,True,True,True
4,16,0.0625,0.04,0.75,0.04,1.0746327309645471,0.025549737701589487,0.07328987936038223,0.07761569115378283,790.2030021918753,56.78742826337094,0.5714285714285714,0.0,4.0,True,True,True
4,16,0.0625,0.08,0.0,0.08,1.0281681036652583,0.051514069563856575,0.027972488635147563,0.05861876391969822,115.9310139695155,22.97224533819152,1.0,0.0,1.0,True,True,True
4,16,0.0625,0.08,0.25,0.08,1.0433463739967932,0.051442560210711696,0.042886559745100694,0.06697457732455495,136.7819957829625,24.721002874718696,0.8,0.0,1.3333333333333333,True,True,True
4,16,0.0625,0.08,0.5,0.08,1.0588339248495242,0.05129597982095519,0.05799312423489322,0.07742402730622841,235.47336092157792,31.715823238350787,0.6666666666666666,0.0,2.0,True,True,True
4,16,0.0625,0.08,0.75,0.08,1.0746327309645471,0.051099475403178975,0.07328987936038223,0.0893451890318638,790.2030021918753,56.78742826337094,0.5714285714285714,0.0,4.0,True,True,True
4,32,0.03125,0.0,0.0,0.0,1.013792316944786,0.0,0.013745085103659349,0.013745085103659349,115.9310139695155,22.97224533819152,1.0,0.0,1.0,True,True,True
4,32,0.03125,0.0,0.25,0.0,1.0213230321171602,0.0,0.02121056015167344,0.02121056015167344,136.7819957829625,24.721002874718696,0.8,0.0,1.3333333333333333,True,True,True
4,32,0.03125,0.0,0.5,0.0,1.0289387235062781,0.0,0.02873233671303055,0.02873233671303055,235.47336092157792,31.715823238350787,0.6666666666666666,0.0,2.0,True,True,True
4,32,0.03125,0.0,0.75,0.0,1.036639852050998,0.0,0.03631024360336399,0.03631024360336399,790.2030021918753,56.78742826337094,0.5714285714285714,0.0,4.0,True,True,True
4,32,0.03125,0.02,0.0,0.02,1.013792316944786,0.012758894214873676,0.013745085103659349,0.018754112778086175,115.9310139695155,22.97224533819152,1.0,0.0,1.0,True,True,True
4,32,0.03125,0.02,0.25,0.02,1.0213230321171602,0.0126981466459325,0.02121056015167344,0.02472105964940346,136.7819957829625,24.721002874718696,0.8,0.0,1.3333333333333333,True,True,True
4,32,0.03125,0.02,0.5,0.02,1.0289387235062781,0.012622009793399138,0.02873233671303055,0.031382515900029856,235.47336092157792,31.715823238350787,0.6666666666666666,0.0,2.0,True,True,True
4,32,0.03125,0.02,0.75,0.02,1.036639852050998,0.012536155217983595,0.03631024360336399,0.03841339581688936,790.2030021918753,56.78742826337094,0.5714285714285714,0.0,4.0,True,True,True
4,32,0.03125,0.04,0.0,0.04,1.013792316944786,0.025517788429747352,0.013745085103659349,0.028984217961714714,115.9310139695155,22.97224533819152,1.0,0.0,1.0,True,True,True
4,32,0.03125,0.04,0.25,0.04,1.0213230321171602,0.025396293291865,0.02121056015167344,0.033088662331895266,136.7819957829625,24.721002874718696,0.8,0.0,1.3333333333333333,True,True,True
4,32,0.03125,0.04,0.5,0.04,1.0289387235062781,0.025244019586798276,0.02873233671303055,0.03824666910842849,235.47336092157792,31.715823238350787,0.6666666666666666,0.0,2.0,True,True,True
4,32,0.03125,0.04,0.75,0.04,1.036639852050998,0.02507231043596719,0.03631024360336399,0.044125440973809486,790.2030021918753,56.78742826337094,0.5714285714285714,0.0,4.0,True,True,True
4,32,0.03125,0.08,0.0,0.08,1.013792316944786,0.051035576859494704,0.013745085103659349,0.052854114975924335,115.9310139695155,22.97224533819152,1.0,0.0,1.0,True,True,True
4,32,0.03125,0.08,0.25,0.08,1.0213230321171602,0.05079258658373,0.02121056015167344,0.0550433893743242,136.7819957829625,24.721002874718696,0.8,0.0,1.3333333333333333,True,True,True
4,32,0.03125,0.08,0.5,0.08,1.0289387235062781,0.05048803917359655,0.02873233671303055,0.05809121510680925,235.47336092157792,31.715823238350787,0.6666666666666666,0.0,2.0,True,True,True
4,32,0.03125,0.08,0.75,0.08,1.036639852050998,0.05014462087193438,0.03631024360336399,0.061910554778047924,790.2030021918753,56.78742826337094,0.5714285714285714,0.0,4.0,True,True,True
4,64,0.015625,0.0,0.0,0.0,1.0068250774576404,0.0,0.006813471608799304,0.006813471608799304,115.9310139695155,22.97224533819152,1.0,0.0,1.0,True,True,True
4,64,0.015625,0.0,0.25,0.0,1.010574687377937,0.0,0.010546878217901234,0.010546878217901234,136.7819957829625,24.721002874718696,0.8,0.0,1.3333333333333333,True,True,True
4,64,0.015625,0.0,0.5,0.0,1.0143490382940403,0.0,0.014297930589256325,0.014297930589256325,235.47336092157792,31.715823238350787,0.6666666666666666,0.0,2.0,True,True,True
4,64,0.015625,0.0,0.75,0.0,1.0181483933838282,0.0,0.018066791148229733,0.018066791148229733,790.2030021918753,56.78742826337094,0.5714285714285714,0.0,4.0,True,True,True
4,64,0.015625,0.02,0.0,0.02,1.0068250774576404,0.01270026951512186,0.006813471608799304,0.014412502944341342,115.9310139695155,22.97224533819152,1.0,0.0,1.0,True,True,True
4,64,0.015625,0.02,0.25,0.02,1.010574687377937,0.012618228241556798,0.010546878217901234,0.016445556363323833,136.7819957829625,24.721002874718696,0.8,0.0,1.3333333333333333,True,True,True
4,64,0.015625,0.02,0.5,0.02,1.0143490382940403,0.012522498116635847,0.014297930589256325,0.019006414133558705,235.47336092157792,31.715823238350787,0.6666666666666666,0.0,2.0,True,True,True
4,64,0.015625,0.02,0.75,0.02,1.0181483933838282,0.012418442144892489,0.018066791148229733,0.02192319884733508,790.2030021918753,56.78742826337094,0.5714285714285714,0.0,4.0,True,True,True
4,64,0.015625,0.04,0.0,0.04,1.0068250774576404,0.02540053903024372,0.006813471608799304,0.026298493842630014,115.9310139695155,22.97224533819152,1.0,0.0,1.0,True,True,True
4,64,0.015625,0.04,0.25,0.04,1.010574687377937,0.025236456483113595,0.010546878217901234,0.027351697862606734,136.7819957829625,24.721002874718696,0.8,0.0,1.3333333333333333,True,True,True
4,64,0.015625,0.04,0.5,0.04,1.0143490382940403,0.025044996233271694,0.014297930589256325,0.02883890870785136,235.47336092157792,31.715823238350787,0.6666666666666666,0.0,2.0,True,True,True
4,64,0.015625,0.04,0.75,0.04,1.0181483933838282,0.024836884289784977,0.018066791148229733,0.030712859906200856,790.2030021918753,56.78742826337094,0.5714285714285714,0.0,4.0,True,True,True
4,64,0.015625,0.08,0.0,0.08,1.0068250774576404,0.05080107806048744,0.006813471608799304,0.051255955043991254,115.9310139695155,22.97224533819152,1.0,0.0,1.0,True,True,True
4,64,0.015625,0.08,0.25,0.08,1.010574687377937,0.05047291296622719,0.010546878217901234,0.05156308353308192,136.7819957829625,24.721002874718696,0.8,0.0,1.3333333333333333,True,True,True
4,64,0.015625,0.08,0.5,0.08,1.0143490382940403,0.05008999246654339,0.014297930589256325,0.0520906725281366,235.47336092157792,31.715823238350787,0.6666666666666666,0.0,2.0,True,True,True
4,64,0.015625,0.08,0.75,0.08,1.0181483933838282,0.049673768579569955,0.018066791148229733,0.05285728168654177,790.2030021918753,56.78742826337094,0.5714285714285714,0.0,4.0,True,True,True
4,128,0.0078125,0.0,0.0,0.0,1.0033949937268631,0.0,0.003392117112237525,0.003392117112237525,115.9310139695155,22.97224533819152,1.0,0.0,1.0,True,True,True
4,128,0.0078125,0.0,0.25,0.0,1.0052657295941883,0.0,0.005258815808261819,0.005258815808261819,136.7819957829625,24.721002874718696,0.8,0.0,1.3333333333333333,True,True,True
4,128,0.0078125,0.0,0.5,0.0,1.007144363516315,0.0,0.007131648414039571,0.007131648414039571,235.47336092157792,31.715823238350787,0.6666666666666666,0.0,2.0,True,True,True
4,128,0.0078125,0.0,0.75,0.0,1.0090310566426868,0.0,0.009010758201843938,0.009010758201843938,790.2030021918753,56.78742826337094,0.5714285714285714,0.0,4.0,True,True,True
4,128,0.0078125,0.02,0.0,0.02,1.0033949937268631,0.012671245681559262,0.003392117112237525,0.01311742831600649,115.9310139695155,22.97224533819152,1.0,0.0,1.0,True,True,True
4,128,0.0078125,0.02,0.25,0.02,1.0052657295941883,0.012578596805027945,0.005258815808261819,0.013633643727510398,136.7819957829625,24.721002874718696,0.8,0.0,1.3333333333333333,True,True,True
4,128,0.0078125,0.02,0.5,0.02,1.007144363516315,0.012473116285347152,0.007131648414039571,0.014367986601095697,235.47336092157792,31.715823238350787,0.6666666666666666,0.0,2.0,True,True,True
4,128,0.0078125,0.02,0.75,0.02,1.0090310566426868,0.012360012621735124,0.009010758201843938,0.01529587118740052,790.2030021918753,56.78742826337094,0.5714285714285714,0.0,4.0,True,True,True
4,128,0.0078125,0.04,0.0,0.04,1.0033949937268631,0.025342491363118523,0.003392117112237525,0.025568502634938785,115.9310139695155,22.97224533819152,1.0,0.0,1.0,True,True,True
4,128,0.0078125,0.04,0.25,0.04,1.0052657295941883,0.02515719361005589,0.005258815808261819,0.025700963679190343,136.7819957829625,24.721002874718696,0.8,0.0,1.3333333333333333,True,True,True
4,128,0.0078125,0.04,0.5,0.04,1.007144363516315,0.024946232570694303,0.007131648414039571,0.025945614823562044,235.47336092157792,31.715823238350787,0.6666666666666666,0.0,2.0,True,True,True
4,128,0.0078125,0.04,0.75,0.04,1.0090310566426868,0.024720025243470247,0.009010758201843938,0.026311089133859586,790.2030021918753,56.78742826337094,0.5714285714285714,0.0,4.0,True,True,True
4,128,0.0078125,0.08,0.0,0.08,1.0033949937268631,0.050684982726237046,0.003392117112237525,0.05079836545069223,115.9310139695155,22.97224533819152,1.0,0.0,1.0,True,True,True
4,128,0.0078125,0.08,0.25,0.08,1.0052657295941883,0.05031438722011178,0.005258815808261819,0.05058846414984914,136.7819957829625,24.721002874718696,0.8,0.0,1.3333333333333333,True,True,True
4,128,0.0078125,0.08,0.5,0.08,1.007144363516315,0.049892465141388606,0.007131648414039571,0.0503995881628625,235.47336092157792,31.715823238350787,0.6666666666666666,0.0,2.0,True,True,True
4,128,0.0078125,0.08,0.75,0.08,1.0090310566426868,0.049440050486940494,0.009010758201843938,0.05025447597501463,790.2030021918753,56.78742826337094,0.5714285714285714,0.0,4.0,True,True,True
4,256,0.00390625,0.0,0.0,0.0,1.0016931383843215,0.0,0.0016924223110019732,0.0016924223110019732,115.9310139695155,22.97224533819152,1.0,0.0,1.0,True,True,True
4,256,0.00390625,0.0,0.25,0.0,1.0026274731747342,0.0,0.0026257495345798354,0.0026257495345798354,136.7819957829625,24.721002874718696,0.8,0.0,1.3333333333333333,True,True,True
4,256,0.00390625,0.0,0.5,0.0,1.0035646348261436,0.0,0.003561463820008104,0.003561463820008104,235.47336092157792,31.715823238350787,0.6666666666666666,0.0,2.0,True,True,True
4,256,0.00390625,0.0,0.75,0.0,1.0045047140809173,0.0,0.004499652363070261,0.004499652363070261,790.2030021918753,56.78742826337094,0.5714285714285714,0.0,4.0,True,True,True
4,256,0.00390625,0.02,0.0,0.02,1.0016931383843215,0.01265680490216929,0.0016924223110019732,0.01276945588544609,115.9310139695155,22.97224533819152,1.0,0.0,1.0,True,True,True
4,256,0.00390625,0.02,0.25,0.02,1.0026274731747342,0.012558862493029345,0.0026257495345798354,0.012830416506768806,136.7819957829625,24.721002874718696,0.8,0.0,1.3333333333333333,True,True,True
4,256,0.00390625,0.02,0.5,0.02,1.0035646348261436,0.01244851928655402,0.003561463820008104,0.012947959567782644,235.47336092157792,31.715823238350787,0.6666666666666666,0.0,2.0,True,True,True
4,256,0.00390625,0.02,0.75,0.02,1.0045047140809173,0.012330906475633662,0.004499652363070261,0.013126238071104301,790.2030021918753,56.78742826337094,0.5714285714285714,0.0,4.0,True,True,True
4,256,0.00390625,0.04,0.0,0.04,1.0016931383843215,0.02531360980433858,0.0016924223110019732,0.02537012287327524,115.9310139695155,22.97224533819152,1.0,0.0,1.0,True,True,True
4,256,0.00390625,0.04,0.25,0.04,1.0026274731747342,0.02511772498605869,0.0026257495345798354,0.02525459698933292,136.7819957829625,24.721002874718696,0.8,0.0,1.3333333333333333,True,True,True
4,256,0.00390625,0.04,0.5,0.04,1.0035646348261436,0.02489703857310804,0.003561463820008104,0.025150478211200207,235.47336092157792,31.715823238350787,0.6666666666666666,0.0,2.0,True,True,True
4,256,0.00390625,0.04,0.75,0.04,1.0045047140809173,0.024661812951267324,0.004499652363070261,0.025068942726644467,790.2030021918753,56.78742826337094,0.5714285714285714,0.0,4.0,True,True,True
4,256,0.00390625,0.08,0.0,0.08,1.0016931383843215,0.05062721960867716,0.0016924223110019732,0.05065549978614368,115.9310139695155,22.97224533819152,1.0,0.0,1.0,True,True,True
4,256,0.00390625,0.08,0.25,0.08,1.0026274731747342,0.05023544997211738,0.0026257495345798354,0.05030402562936146,136.7819957829625,24.721002874718696,0.8,0.0,1.3333333333333333,True,True,True
4,256,0.00390625,0.08,0.5,0.08,1.0035646348261436,0.04979407714621608,0.003561463820008104,0.049921279464618544,235.47336092157792,31.715823238350787,0.6666666666666666,0.0,2.0,True,True,True
4,256,0.00390625,0.08,0.75,0.08,1.0045047140809173,0.04932362590253465,0.004499652363070261,0.04952844580200019,790.2030021918753,56.78742826337094,0.5714285714285714,0.0,4.0,True,True,True
4,512,0.001953125,0.0,0.0,0.0,1.0008454830200713,0.0,0.0008453043851952557,0.0008453043851952557,115.9310139695155,22.97224533819152,1.0,0.0,1.0,True,True,True
4,512,0.001953125,0.0,0.25,0.0,1.0013123901859964,0.0,0.0013119598763169371,0.0013119598763169371,136.7819957829625,24.721002874718696,0.8,0.0,1.3333333333333333,True,True,True
4,512,0.001953125,0.0,0.5,0.0,1.0017804297602297,0.0,0.0017796379823926678,0.0017796379823926678,235.47336092157792,31.715823238350787,0.6666666666666666,0.0,2.0,True,True,True
4,512,0.001953125,0.0,0.75,0.0,1.0022496500110578,0.0,0.0022483862009305966,0.0022483862009305966,790.2030021918753,56.78742826337094,0.5714285714285714,0.0,4.0,True,True,True
4,512,0.001953125,0.02,0.0,0.02,1.0008454830200713,0.012649602174909113,0.0008453043851952557,0.01267781427088659,115.9310139695155,22.97224533819152,1.0,0.0,1.0,True,True,True
4,512,0.001953125,0.02,0.25,0.02,1.0013123901859964,0.012549015621903036,0.0013119598763169371,0.012617409868742158,136.7819957829625,24.721002874718696,0.8,0.0,1.3333333333333333,True,True,True
4,512,0.001953125,0.02,0.5,0.02,1.0017804297602297,0.012436244314608234,0.0017796379823926678,0.012562932937853337,235.47336092157792,31.715823238350787,0.6666666666666666,0.0,2.0,True,True,True
4,512,0.001953125,0.02,0.75,0.02,1.0022496500110578,0.012316380779582498,0.0022483862009305966,0.012519923163350656,790.2030021918753,56.78742826337094,0.5714285714285714,0.0,4.0,True,True,True
4,512,0.001953125,0.04,0.0,0.04,1.0008454830200713,0.025299204349818225,0.0008453043851952557,0.02531332218886908,115.9310139695155,22.97224533819152,1.0,0.0,1.0,True,True,True
4,512,0.001953125,0.04,0.25,0.04,1.0013123901859964,0.025098031243806072,0.0013119598763169371,0.02513229816455573,136.7819957829625,24.721002874718696,0.8,0.0,1.3333333333333333,True,True,True
4,512,0.001953125,0.04,0.5,0.04,1.0017804297602297,0.02487248862921647,0.0017796379823926678,0.024936074309298912,235.47336092157792,31.715823238350787,0.6666666666666666,0.0,2.0,True,True,True
4,512,0.001953125,0.04,0.75,0.04,1.0022496500110578,0.024632761559164995,0.0022483862009305966,0.02473516085533328,790.2030021918753,56.78742826337094,0.5714285714285714,0.0,4.0,True,True,True
4,512,0.001953125,0.08,0.0,0.08,1.0008454830200713,0.05059840869963645,0.0008453043851952557,0.050605469096127106,115.9310139695155,22.97224533819152,1.0,0.0,1.0,True,True,True
4,512,0.001953125,0.08,0.25,0.08,1.0013123901859964,0.050196062487612145,0.0013119598763169371,0.05021320471725867,136.7819957829625,24.721002874718696,0.8,0.0,1.3333333333333333,True,True,True
4,512,0.001953125,0.08,0.5,0.08,1.0017804297602297,0.04974497725843294,0.0017796379823926678,0.04977680055799473,235.47336092157792,31.715823238350787,0.6666666666666666,0.0,2.0,True,True,True
4,512,0.001953125,0.08,0.75,0.08,1.0022496500110578,0.04926552311832999,0.0022483862009305966,0.04931680249804565,790.2030021918753,56.78742826337094,0.5714285714285714,0.0,4.0,True,True,True
8,8,0.125,0.0,0.0,0.0,1.0587955275319167,0.0,0.0819618905325808,0.0819618905325808,355.9775273805918,57.963956205945216,1.0,0.0,1.0,True,True,True
8,8,0.125,0.0,0.25,0.0,1.089534972454533,0.0,0.12390750730964471,0.12390750730964471,413.398681572554,61.79959103894161,0.8,0.0,1.3333333333333333,True,True,True
8,8,0.125,0.0,0.5,0.0,1.1214250401806731,0.0,0.16680246936598506,0.16680246936598506,684.109586196485,77.36198478304367,0.6666666666666666,0.0,2.0,True,True,True
8,8,0.125,0.0,0.75,0.0,1.1544853006884446,0.0,0.21063233592705502,0.21063233592705502,2188.400270389362,134.2356218114808,0.5714285714285714,0.0,4.0,True,True,True
8,8,0.125,0.02,0.0,0.02,1.0587955275319167,0.013127821683883668,0.0819618905325808,0.0830065732447654,355.9775273805918,57.963956205945216,1.0,0.0,1.0,True,True,True
8,8,0.125,0.02,0.25,0.02,1.089534972454533,0.013196533316635884,0.12390750730964471,0.1246082616011745,413.398681572554,61.79959103894161,0.8,0.0,1.3333333333333333,True,True,True
8,8,0.125,0.02,0.5,0.02,1.1214250401806731,0.013239514068271738,0.16680246936598506,0.1673270704917598,684.109586196485,77.36198478304367,0.6666666666666666,0.0,2.0,True,True,True
8,8,0.125,0.02,0.75,0.02,1.1544853006884446,0.013264282529161646,0.21063233592705502,0.21104957268163604,2188.400270389362,134.2356218114808,0.5714285714285714,0.0,4.0,True,True,True
8,8,0.125,0.04,0.0,0.04,1.0587955275319167,0.026255643367767336,0.0819618905325808,0.0860645705754124,355.9775273805918,57.963956205945216,1.0,0.0,1.0,True,True,True
8,8,0.125,0.04,0.25,0.04,1.089534972454533,0.026393066633271768,0.12390750730964471,0.12668726981823383,413.398681572554,61.79959103894161,0.8,0.0,1.3333333333333333,True,True,True
8,8,0.125,0.04,0.5,0.04,1.1214250401806731,0.026479028136543476,0.16680246936598506,0.1688910972125122,684.109586196485,77.36198478304367,0.6666666666666666,0.0,2.0,True,True,True
8,8,0.125,0.04,0.75,0.04,1.1544853006884446,0.02652856505832329,0.21063233592705502,0.2122963629037046,2188.400270389362,134.2356218114808,0.5714285714285714,0.0,4.0,True,True,True
8,8,0.125,0.08,0.0,0.08,1.0587955275319167,0.05251128673553467,0.0819618905325808,0.09734057085458404,355.9775273805918,57.963956205945216,1.0,0.0,1.0,True,True,True
8,8,0.125,0.08,0.25,0.08,1.089534972454533,0.052786133266543536,0.12390750730964471,0.13468276145417776,413.398681572554,61.79959103894161,0.8,0.0,1.3333333333333333,True,True,True
8,8,0.125,0.08,0.5,0.08,1.1214250401806731,0.05295805627308695,0.16680246936598506,0.17500748415657494,684.109586196485,77.36198478304367,0.6666666666666666,0.0,2.0,True,True,True
8,8,0.125,0.08,0.75,0.08,1.1544853006884446,0.05305713011664658,0.21063233592705502,0.21721197019110738,2188.400270389362,134.2356218114808,0.5714285714285714,0.0,4.0,True,True,True
8,16,0.0625,0.0,0.0,0.0,1.0281681036652583,0.0,0.03955907280115295,0.03955907280115295,355.9775273805918,57.963956205945216,1.0,0.0,1.0,True,True,True
8,16,0.0625,0.0,0.25,0.0,1.0433463739967932,0.0,0.06065075443504543,0.06065075443504543,413.398681572554,61.79959103894161,0.8,0.0,1.3333333333333333,True,True,True
8,16,0.0625,0.0,0.5,0.0,1.0588339248495242,0.0,0.08201466281737382,0.08201466281737382,684.109586196485,77.36198478304367,0.6666666666666666,0.0,2.0,True,True,True
8,16,0.0625,0.0,0.75,0.0,1.0746327309645471,0.0,0.10364754137614053,0.10364754137614053,2188.400270389362,134.2356218114808,0.5714285714285714,0.0,4.0,True,True,True
8,16,0.0625,0.02,0.0,0.02,1.0281681036652583,0.012878517390964144,0.03955907280115295,0.04160260149409271,355.9775273805918,57.963956205945216,1.0,0.0,1.0,True,True,True
8,16,0.0625,0.02,0.25,0.02,1.0433463739967932,0.012860640052677924,0.06065075443504543,0.06199927480305497,413.398681572554,61.79959103894161,0.8,0.0,1.3333333333333333,True,True,True
8,16,0.0625,0.02,0.5,0.02,1.0588339248495242,0.012823994955238798,0.08201466281737382,0.08301120263952035,684.109586196485,77.36198478304367,0.6666666666666666,0.0,2.0,True,True,True
8,16,0.0625,0.02,0.75,0.02,1.0746327309645471,0.012774868850794744,0.10364754137614053,0.1044318443171132,2188.400270389362,134.2356218114808,0.5714285714285714,0.0,4.0,True,True,True
8,16,0.0625,0.04,0.0,0.04,1.0281681036652583,0.025757034781928288,0.03955907280115295,0.04720535013792804,355.9775273805918,57.963956205945216,1.0,0.0,1.0,True,True,True
8,16,0.0625,0.04,0.25,0.04,1.0433463739967932,0.025721280105355848,0.06065075443504543,0.06587942215744122,413.398681572554,61.79959103894161,0.8,0.0,1.3333333333333333,True,True,True
8,16,0.0625,0.04,0.5,0.04,1.0588339248495242,0.025647989910477596,0.08201466281737382,0.0859315093751732,684.109586196485,77.36198478304367,0.6666666666666666,0.0,2.0,True,True,True
8,16,0.0625,0.04,0.75,0.04,1.0746327309645471,0.025549737701589487,0.10364754137614053,0.10675018468339428,2188.400270389362,134.2356218114808,0.5714285714285714,0.0,4.0,True,True,True
8,16,0.0625,0.08,0.0,0.08,1.0281681036652583,0.051514069563856575,0.03955907280115295,0.06495090148655963,355.9775273805918,57.963956205945216,1.0,0.0,1.0,True,True,True
8,16,0.0625,0.08,0.25,0.08,1.0433463739967932,0.051442560210711696,0.06065075443504543,0.07952893193406335,413.398681572554,61.79959103894161,0.8,0.0,1.3333333333333333,True,True,True
8,16,0.0625,0.08,0.5,0.08,1.0588339248495242,0.05129597982095519,0.08201466281737382,0.09673511494198661,684.109586196485,77.36198478304367,0.6666666666666666,0.0,2.0,True,True,True
8,16,0.0625,0.08,0.75,0.08,1.0746327309645471,0.051099475403178975,0.10364754137614053,0.11555937530031415,2188.400270389362,134.2356218114808,0.5714285714285714,0.0,4.0,True,True,True
8,32,0.03125,0.0,0.0,0.0,1.013792316944786,0.0,0.019438485769567453,0.019438485769567453,355.9775273805918,57.963956205945216,1.0,0.0,1.0,True,True,True
8,32,0.03125,0.0,0.25,0.0,1.0213230321171602,0.0,0.029996261832026916,0.029996261832026916,413.398681572554,61.79959103894161,0.8,0.0,1.3333333333333333,True,True,True
8,32,0.03125,0.0,0.5,0.0,1.0289387235062781,0.0,0.0406336602582382,0.0406336602582382,684.109586196485,77.36198478304367,0.6666666666666666,0.0,2.0,True,True,True
8,32,0.03125,0.0,0.75,0.0,1.036639852050998,0.0,0.051350438956948276,0.051350438956948276,2188.400270389362,134.2356218114808,0.5714285714285714,0.0,4.0,True,True,True
8,32,0.03125,0.02,0.0,0.02,1.013792316944786,0.012758894214873676,0.019438485769567453,0.023251755000429825,355.9775273805918,57.963956205945216,1.0,0.0,1.0,True,True,True
8,32,0.03125,0.02,0.25,0.02,1.0213230321171602,0.0126981466459325,0.029996261832026916,0.03257328126144374,413.398681572554,61.79959103894161,0.8,0.0,1.3333333333333333,True,True,True
8,32,0.03125,0.02,0.5,0.02,1.0289387235062781,0.012622009793399138,0.0406336602582382,0.04254890688615384,684.109586196485,77.36198478304367,0.6666666666666666,0.0,2.0,True,True,True
8,32,0.03125,0.02,0.75,0.02,1.036639852050998,0.012536155217983595,0.051350438956948276,0.052858516520241546,2188.400270389362,134.2356218114808,0.5714285714285714,0.0,4.0,True,True,True
8,32,0.03125,0.04,0.0,0.04,1.013792316944786,0.025517788429747352,0.019438485769567453,0.032078220888307134,355.9775273805918,57.963956205945216,1.0,0.0,1.0,True,True,True
8,32,0.03125,0.04,0.25,0.04,1.0213230321171602,0.025396293291865,0.029996261832026916,0.03930327514167162,413.398681572554,61.79959103894161,0.8,0.0,1.3333333333333333,True,True,True
8,32,0.03125,0.04,0.5,0.04,1.0289387235062781,0.025244019586798276,0.0406336602582382,0.04783675230281192,684.109586196485,77.36198478304367,0.6666666666666666,0.0,2.0,True,True,True
8,32,0.03125,0.04,0.75,0.04,1.036639852050998,0.02507231043596719,0.051350438956948276,0.05714445145128948,2188.400270389362,134.2356218114808,0.5714285714285714,0.0,4.0,True,True,True
8,32,0.03125,0.08,0.0,0.08,1.013792316944786,0.051035576859494704,0.019438485769567453,0.054612130835511884,355.9775273805918,57.963956205945216,1.0,0.0,1.0,True,True,True
8,32,0.03125,0.08,0.25,0.08,1.0213230321171602,0.05079258658373,0.029996261832026916,0.05898866480741214,413.398681572554,61.79959103894161,0.8,0.0,1.3333333333333333,True,True,True
8,32,0.03125,0.08,0.5,0.08,1.0289387235062781,0.05048803917359655,0.0406336602582382,0.06480845967600639,684.109586196485,77.36198478304367,0.6666666666666666,0.0,2.0,True,True,True
8,32,0.03125,0.08,0.75,0.08,1.036639852050998,0.05014462087193438,0.051350438956948276,0.07177290981603929,2188.400270389362,134.2356218114808,0.5714285714285714,0.0,4.0,True,True,True
8,64,0.015625,0.0,0.0,0.0,1.0068250774576404,0.0,0.009635703956008008,0.009635703956008008,355.9775273805918,57.963956205945216,1.0,0.0,1.0,True,True,True
8,64,0.015625,0.0,0.25,0.0,1.010574687377937,0.0,0.014915538216453306,0.014915538216453306,413.398681572554,61.79959103894161,0.8,0.0,1.3333333333333333,True,True,True
8,64,0.015625,0.0,0.5,0.0,1.0143490382940403,0.0,0.020220327353195434,0.020220327353195434,684.109586196485,77.36198478304367,0.6666666666666666,0.0,2.0,True,True,True
8,64,0.015625,0.0,0.75,0.0,1.0181483933838282,0.0,0.02555030107038867,0.02555030107038867,2188.400270389362,134.2356218114808,0.5714285714285714,0.0,4.0,True,True,True
8,64,0.015625,0.02,0.0,0.02,1.0068250774576404,0.01270026951512186,0.009635703956008008,0.015941883090920032,355.9775273805918,57.963956205945216,1.0,0.0,1.0,True,True,True
8,64,0.015625,0.02,0.25,0.02,1.010574687377937,0.012618228241556798,0.014915538216453306,0.019536964048758973,413.398681572554,61.79959103894161,0.8,0.0,1.3333333333333333,True,True,True
8,64,0.015625,0.02,0.5,0.02,1.0143490382940403,0.012522498116635847,0.020220327353195434,0.023783914676762778,684.109586196485,77.36198478304367,0.6666666666666666,0.0,2.0,True,True,True
8,64,0.015625,0.02,0.75,0.02,1.0181483933838282,0.012418442144892489,0.02555030107038867,0.028408371831091385,2188.400270389362,134.2356218114808,0.5714285714285714,0.0,4.0,True,True,True
8,64,0.015625,0.04,0.0,0.04,1.0068250774576404,0.02540053903024372,0.009635703956008008,0.02716678438377945,355.9775273805918,57.963956205945216,1.0,0.0,1.0,True,True,True
8,64,0.015625,0.04,0.25,0.04,1.010574687377937,0.025236456483113595,0.014915538216453306,0.029314706481739932,413.398681572554,61.79959103894161,0.8,0.0,1.3333333333333333,True,True,True
8,64,0.015625,0.04,0.5,0.04,1.0143490382940403,0.025044996233271694,0.020220327353195434,0.03218871657265907,684.109586196485,77.36198478304367,0.6666666666666666,0.0,2.0,True,True,True
8,64,0.015625,0.04,0.75,0.04,1.0181483933838282,0.024836884289784977,0.02555030107038867,0.03563269153476443,2188.400270389362,134.2356218114808,0.5714285714285714,0.0,4.0,True,True,True
8,64,0.015625,0.08,0.0,0.08,1.0068250774576404,0.05080107806048744,0.009635703956008008,0.05170683052397978,355.9775273805918,57.963956205945216,1.0,0.0,1.0,True,True,True
8,64,0.015625,0.08,0.25,0.08,1.010574687377937,0.05047291296622719,0.014915538216453306,0.05263067759000281,413.398681572554,61.79959103894161,0.8,0.0,1.3333333333333333,True,True,True
8,64,0.015625,0.08,0.5,0.08,1.0143490382940403,0.05008999246654339,0.020220327353195434,0.054017302631367635,684.109586196485,77.36198478304367,0.6666666666666666,0.0,2.0,True,True,True
8,64,0.015625,0.08,0.75,0.08,1.0181483933838282,0.049673768579569955,0.02555030107038867,0.05585965601115152,2188.400270389362,134.2356218114808,0.5714285714285714,0.0,4.0,True,True,True
8,128,0.0078125,0.0,0.0,0.0,1.0033949937268631,0.0,0.004797178025284166,0.004797178025284166,355.9775273805918,57.963956205945216,1.0,0.0,1.0,True,True,True
8,128,0.0078125,0.0,0.25,0.0,1.0052657295941883,0.0,0.007437088638065894,0.007437088638065894,413.398681572554,61.79959103894161,0.8,0.0,1.3333333333333333,True,True,True
8,128,0.0078125,0.0,0.5,0.0,1.007144363516315,0.0,0.010085673909211336,0.010085673909211336,684.109586196485,77.36198478304367,0.6666666666666666,0.0,2.0,True,True,True
8,128,0.0078125,0.0,0.75,0.0,1.0090310566426868,0.0,0.0127431364563123,0.0127431364563123,2188.400270389362,134.2356218114808,0.5714285714285714,0.0,4.0,True,True,True
8,128,0.0078125,0.02,0.0,0.02,1.0033949937268631,0.012671245681559262,0.004797178025284166,0.013548925571007597,355.9775273805918,57.963956205945216,1.0,0.0,1.0,True,True,True
8,128,0.0078125,0.02,0.25,0.02,1.0052657295941883,0.012578596805027945,0.007437088638065894,0.014612713129118358,413.398681572554,61.79959103894161,0.8,0.0,1.3333333333333333,True,True,True
8,128,0.0078125,0.02,0.5,0.02,1.007144363516315,0.012473116285347152,0.010085673909211336,0.01604055635165871,684.109586196485,77.36198478304367,0.6666666666666666,0.0,2.0,True,True,True
8,128,0.0078125,0.02,0.75,0.02,1.0090310566426868,0.012360012621735124,0.0127431364563123,0.017752674129652896,2188.400270389362,134.2356218114808,0.5714285714285714,0.0,4.0,True,True,True
8,128,0.0078125,0.04,0.0,0.04,1.0033949937268631,0.025342491363118523,0.004797178025284166,0.02579253352224256,355.9775273805918,57.963956205945216,1.0,0.0,1.0,True,True,True
8,128,0.0078125,0.04,0.25,0.04,1.0052657295941883,0.02515719361005589,0.007437088638065894,0.026233464844436498,413.398681572554,61.79959103894161,0.8,0.0,1.3333333333333333,True,True,True
8,128,0.0078125,0.04,0.5,0.04,1.007144363516315,0.024946232570694303,0.010085673909211336,0.026907904743292733,684.109586196485,77.36198478304367,0.6666666666666666,0.0,2.0,True,True,True
8,128,0.0078125,0.04,0.75,0.04,1.0090310566426868,0.024720025243470247,0.0127431364563123,0.02781127783439664,2188.400270389362,134.2356218114808,0.5714285714285714,0.0,4.0,True,True,True
8,128,0.0078125,0.08,0.0,0.08,1.0033949937268631,0.050684982726237046,0.004797178025284166,0.05091149566615792,355.9775273805918,57.963956205945216,1.0,0.0,1.0,True,True,True
8,128,0.0078125,0.08,0.25,0.08,1.0052657295941883,0.05031438722011178,0.007437088638065894,0.050861064172368596,413.398681572554,61.79959103894161,0.8,0.0,1.3333333333333333,True,True,True
8,128,0.0078125,0.08,0.5,0.08,1.007144363516315,0.049892465141388606,0.010085673909211336,0.05090165907008949,684.109586196485,77.36198478304367,0.6666666666666666,0.0,2.0,True,True,True
8,128,0.0078125,0.08,0.75,0.08,1.0090310566426868,0.049440050486940494,0.0127431364563123,0.051055911693901036,2188.400270389362,134.2356218114808,0.5714285714285714,0.0,4.0,True,True,True
8,256,0.00390625,0.0,0.0,0.0,1.0016931383843215,0.0,0.0023934465854818067,0.0023934465854818067,355.9775273805918,57.963956205945216,1.0,0.0,1.0,True,True,True
8,256,0.00390625,0.0,0.25,0.0,1.0026274731747342,0.0,0.0037133706031976456,0.0037133706031976456,413.398681572554,61.79959103894161,0.8,0.0,1.3333333333333333,True,True,True
8,256,0.00390625,0.0,0.5,0.0,1.0035646348261436,0.0,0.005036670436156553,0.005036670436156553,684.109586196485,77.36198478304367,0.6666666666666666,0.0,2.0,True,True,True
8,256,0.00390625,0.0,0.75,0.0,1.0045047140809173,0.0,0.00636346939781811,0.00636346939781811,2188.400270389362,134.2356218114808,0.5714285714285714,0.0,4.0,True,True,True
8,256,0.00390625,0.02,0.0,0.02,1.0016931383843215,0.01265680490216929,0.0023934465854818067,0.012881121724800642,355.9775273805918,57.963956205945216,1.0,0.0,1.0,True,True,True
8,256,0.00390625,0.02,0.25,0.02,1.0026274731747342,0.012558862493029345,0.0037133706031976456,0.013096341029291796,413.398681572554,61.79959103894161,0.8,0.0,1.3333333333333333,True,True,True
8,256,0.00390625,0.02,0.5,0.02,1.0035646348261436,0.01244851928655402,0.005036670436156553,0.013428837682769154,684.109586196485,77.36198478304367,0.6666666666666666,0.0,2.0,True,True,True
8,256,0.00390625,0.02,0.75,0.02,1.0045047140809173,0.012330906475633662,0.00636346939781811,0.013876058420451816,2188.400270389362,134.2356218114808,0.5714285714285714,0.0,4.0,True,True,True
8,256,0.00390625,0.04,0.0,0.04,1.0016931383843215,0.02531360980433858,0.0023934465854818067,0.025426510336337166,355.9775273805918,57.963956205945216,1.0,0.0,1.0,True,True,True
8,256,0.00390625,0.04,0.25,0.04,1.0026274731747342,0.02511772498605869,0.0037133706031976456,0.025390731177182935,413.398681572554,61.79959103894161,0.8,0.0,1.3333333333333333,True,True,True
8,256,0.00390625,0.04,0.5,0.04,1.0035646348261436,0.02489703857310804,0.005036670436156553,0.02540138930832885,684.109586196485,77.36198478304367,0.6666666666666666,0.0,2.0,True,True,True
8,256,0.00390625,0.04,0.75,0.04,1.0045047140809173,0.024661812951267324,0.00636346939781811,0.025469565383419174,2188.400270389362,134.2356218114808,0.5714285714285714,0.0,4.0,True,True,True
8,256,0.00390625,0.08,0.0,0.08,1.0016931383843215,0.05062721960867716,0.0023934465854818067,0.050683764184034114,355.9775273805918,57.963956205945216,1.0,0.0,1.0,True,True,True
8,256,0.00390625,0.08,0.25,0.08,1.0026274731747342,0.05023544997211738,0.0037133706031976456,0.050372507929800366,413.398681572554,61.79959103894161,0.8,0.0,1.3333333333333333,True,True,True
8,256,0.00390625,0.08,0.5,0.08,1.0035646348261436,0.04979407714621608,0.005036670436156553,0.05004815848685915,684.109586196485,77.36198478304367,0.6666666666666666,0.0,2.0,True,True,True
8,256,0.00390625,0.08,0.75,0.08,1.0045047140809173,0.04932362590253465,0.00636346939781811,0.04973242217055343,2188.400270389362,134.2356218114808,0.5714285714285714,0.0,4.0,True,True,True
8,512,0.001953125,0.0,0.0,0.0,1.0008454830200713,0.0,0.0011954409258765817,0.0011954409258765817,355.9775273805918,57.963956205945216,1.0,0.0,1.0,True,True,True
8,512,0.001953125,0.0,0.25,0.0,1.0013123901859964,0.0,0.001855391450376741,0.001855391450376741,413.398681572554,61.79959103894161,0.8,0.0,1.3333333333333333,True,True,True
8,512,0.001953125,0.0,0.5,0.0,1.0017804297602297,0.0,0.002516788170814002,0.002516788170814002,684.109586196485,77.36198478304367,0.6666666666666666,0.0,2.0,True,True,True
8,512,0.001953125,0.0,0.75,0.0,1.0022496500110578,0.0,0.0031796982588085687,0.0031796982588085687,2188.400270389362,134.2356218114808,0.5714285714285714,0.0,4.0,True,True,True
8,512,0.001953125,0.02,0.0,0.02,1.0008454830200713,0.012649602174909113,0.0011954409258765817,0.01270596372538211,355.9775273805918,57.963956205945216,1.0,0.0,1.0,True,True,True
8,512,0.001953125,0.02,0.25,0.02,1.0013123901859964,0.012549015621903036,0.001855391450376741,0.012685435369465944,413.398681572554,61.79959103894161,0.8,0.0,1.3333333333333333,True,True,True
8,512,0.001953125,0.02,0.5,0.02,1.0017804297602297,0.012436244314608234,0.002516788170814002,0.012688356684353374,684.109586196485,77.36198478304367,0.6666666666666666,0.0,2.0,True,True,True
8,512,0.001953125,0.02,0.75,0.02,1.0022496500110578,0.012316380779582498,0.0031796982588085687,0.01272020898117399,2188.400270389362,134.2356218114808,0.5714285714285714,0.0,4.0,True,True,True
8,512,0.001953125,0.04,0.0,0.04,1.0008454830200713,0.025299204349818225,0.0011954409258765817,0.025327432158454635,355.9775273805918,57.963956205945216,1.0,0.0,1.0,True,True,True
8,512,0.001953125,0.04,0.25,0.04,1.0013123901859964,0.025098031243806072,0.001855391450376741,0.02516651842725165,413.398681572554,61.79959103894161,0.8,0.0,1.3333333333333333,True,True,True
8,512,0.001953125,0.04,0.5,0.04,1.0017804297602297,0.02487248862921647,0.002516788170814002,0.024999498261110198,684.109586196485,77.36198478304367,0.6666666666666666,0.0,2.0,True,True,True
8,512,0.001953125,0.04,0.75,0.04,1.0022496500110578,0.024632761559164995,0.0031796982588085687,0.024837137980205103,2188.400270389362,134.2356218114808,0.5714285714285714,0.0,4.0,True,True,True
8,512,0.001953125,0.08,0.0,0.08,1.0008454830200713,0.05059840869963645,0.0011954409258765817,0.050612528507699615,355.9775273805918,57.963956205945216,1.0,0.0,1.0,True,True,True
8,512,0.001953125,0.08,0.25,0.08,1.0013123901859964,0.050196062487612145,0.001855391450376741,0.05023034109673549,413.398681572554,61.79959103894161,0.8,0.0,1.3333333333333333,True,True,True
8,512,0.001953125,0.08,0.5,0.08,1.0017804297602297,0.04974497725843294,0.002516788170814002,0.04980860352528225,684.109586196485,77.36198478304367,0.6666666666666666,0.0,2.0,True,True,True
8,512,0.001953125,0.08,0.75,0.08,1.0022496500110578,0.04926552311832999,0.0031796982588085687,0.04936802861305865,2188.400270389362,134.2356218114808,0.5714285714285714,0.0,4.0,True,True,True
16,8,0.125,0.0,0.0,0.0,1.0587955275319167,0.0,0.11591161718891474,0.11591161718891474,1219.993442605328,153.67464033367784,1.0,0.0,1.0,True,True,True
16,8,0.125,0.0,0.25,0.0,1.089534972454533,0.0,0.17523167731714295,0.17523167731714295,1403.3325466347756,162.93962300851322,0.8,0.0,1.3333333333333333,True,True,True
16,8,0.125,0.0,0.5,0.0,1.1214250401806731,0.0,0.23589431441469877,0.23589431441469877,2263.143929237476,200.76429679551995,0.6666666666666666,0.0,2.0,True,True,True
16,8,0.125,0.0,0.75,0.0,1.1544853006884446,0.0,0.2978791061423669,0.2978791061423669,6986.465461768189,340.4107039860689,0.5714285714285714,0.0,4.0,True,True,True
16,8,0.125,0.02,0.0,0.02,1.0587955275319167,0.013127821683883668,0.11591161718891474,0.11665265835596444,1219.993442605328,153.67464033367784,1.0,0.0,1.0,True,True,True
16,8,0.125,0.02,0.25,0.02,1.089534972454533,0.013196533316635884,0.17523167731714295,0.17572788403368542,1403.3325466347756,162.93962300851322,0.8,0.0,1.3333333333333333,True,True,True
16,8,0.125,0.02,0.5,0.02,1.1214250401806731,0.013239514068271738,0.23589431441469877,0.23626555463280027,2263.143929237476,200.76429679551995,0.6666666666666666,0.0,2.0,True,True,True
16,8,0.125,0.02,0.75,0.02,1.1544853006884446,0.013264282529161646,0.2978791061423669,0.2981742830412927,6986.465461768189,340.4107039860689,0.5714285714285714,0.0,4.0,True,True,True
16,8,0.125,0.04,0.0,0.04,1.0587955275319167,0.026255643367767336,0.11591161718891474,0.11884806186053225,1219.993442605328,153.67464033367784,1.0,0.0,1.0,True,True,True
16,8,0.125,0.04,0.25,0.04,1.089534972454533,0.026393066633271768,0.17523167731714295,0.17720816770591483,1403.3325466347756,162.93962300851322,0.8,0.0,1.3333333333333333,True,True,True
16,8,0.125,0.04,0.5,0.04,1.1214250401806731,0.026479028136543476,0.23589431441469877,0.2373757917400943,2263.143929237476,200.76429679551995,0.6666666666666666,0.0,2.0,True,True,True
16,8,0.125,0.04,0.75,0.04,1.1544853006884446,0.02652856505832329,0.2978791061423669,0.2990580656665678,6986.465461768189,340.4107039860689,0.5714285714285714,0.0,4.0,True,True,True
16,8,0.125,0.08,0.0,0.08,1.0587955275319167,0.05251128673553467,0.11591161718891474,0.12725147635281508,1219.993442605328,153.67464033367784,1.0,0.0,1.0,True,True,True
16,8,0.125,0.08,0.25,0.08,1.089534972454533,0.052786133266543536,0.17523167731714295,0.1830096079461748,1403.3325466347756,162.93962300851322,0.8,0.0,1.3333333333333333,True,True,True
16,8,0.125,0.08,0.5,0.08,1.1214250401806731,0.05295805627308695,0.23589431441469877,0.24176576121817622,2263.143929237476,200.76429679551995,0.6666666666666666,0.0,2.0,True,True,True
16,8,0.125,0.08,0.75,0.08,1.1544853006884446,0.05305713011664658,0.2978791061423669,0.302567382466105,6986.465461768189,340.4107039860689,0.5714285714285714,0.0,4.0,True,True,True
16,16,0.0625,0.0,0.0,0.0,1.0281681036652583,0.0,0.055944977270295126,0.055944977270295126,1219.993442605328,153.67464033367784,1.0,0.0,1.0,True,True,True
16,16,0.0625,0.0,0.25,0.0,1.0433463739967932,0.0,0.08577311949020139,0.08577311949020139,1403.3325466347756,162.93962300851322,0.8,0.0,1.3333333333333333,True,True,True
16,16,0.0625,0.0,0.5,0.0,1.0588339248495242,0.0,0.11598624846978645,0.11598624846978645,2263.143929237476,200.76429679551995,0.6666666666666666,0.0,2.0,True,True,True
16,16,0.0625,0.0,0.75,0.0,1.0746327309645471,0.0,0.14657975872076445,0.14657975872076445,6986.465461768189,340.4107039860689,0.5714285714285714,0.0,4.0,True,True,True
16,16,0.0625,0.02,0.0,0.02,1.0281681036652583,0.012878517390964144,0.055944977270295126,0.05740815875782121,1219.993442605328,153.67464033367784,1.0,0.0,1.0,True,True,True
16,16,0.0625,0.02,0.25,0.02,1.0433463739967932,0.012860640052677924,0.08577311949020139,0.08673190929320597,1403.3325466347756,162.93962300851322,0.8,0.0,1.3333333333333333,True,True,True
16,16,0.0625,0.02,0.5,0.02,1.0588339248495242,0.012823994955238798,0.11598624846978645,0.11669303612772713,2263.143929237476,200.76429679551995,0.6666666666666666,0.0,2.0,True,True,True
16,16,0.0625,0.02,0.75,0.02,1.0746327309645471,0.012774868850794744,0.14657975872076445,0.14713538983124533,6986.465461768189,340.4107039860689,0.5714285714285714,0.0,4.0,True,True,True
16,16,0.0625,0.04,0.0,0.04,1.0281681036652583,0.025757034781928288,0.055944977270295126,0.061589490357781836,1219.993442605328,153.67464033367784,1.0,0.0,1.0,True,True,True
16,16,0.0625,0.04,0.25,0.04,1.0433463739967932,0.025721280105355848,0.08577311949020139,0.08954670444711263,1403.3325466347756,162.93962300851322,0.8,0.0,1.3333333333333333,True,True,True
16,16,0.0625,0.04,0.5,0.04,1.0588339248495242,0.025647989910477596,0.11598624846978645,0.11878816953107325,2263.143929237476,200.76429679551995,0.6666666666666666,0.0,2.0,True,True,True
16,16,0.0625,0.04,0.75,0.04,1.0746327309645471,0.025549737701589487,0.14657975872076445,0.14878983420670092,6986.465461768189,340.4107039860689,0.5714285714285714,0.0,4.0,True,True,True
16,16,0.0625,0.08,0.0,0.08,1.0281681036652583,0.051514069563856575,0.055944977270295126,0.07604958806465484,1219.993442605328,153.67464033367784,1.0,0.0,1.0,True,True,True
16,16,0.0625,0.08,0.25,0.08,1.0433463739967932,0.051442560210711696,0.08577311949020139,0.10001682372537664,1403.3325466347756,162.93962300851322,0.8,0.0,1.3333333333333333,True,True,True
16,16,0.0625,0.08,0.5,0.08,1.0588339248495242,0.05129597982095519,0.11598624846978645,0.12682305539564517,2263.143929237476,200.76429679551995,0.6666666666666666,0.0,2.0,True,True,True
16,16,0.0625,0.08,0.75,0.08,1.0746327309645471,0.051099475403178975,0.14657975872076445,0.15523138230756567,6986.465461768189,340.4107039860689,0.5714285714285714,0.0,4.0,True,True,True
16,32,0.03125,0.0,0.0,0.0,1.013792316944786,0.0,0.027490170207318698,0.027490170207318698,1219.993442605328,153.67464033367784,1.0,0.0,1.0,True,True,True
16,32,0.03125,0.0,0.25,0.0,1.0213230321171602,0.0,0.04242112030334688,0.04242112030334688,1403.3325466347756,162.93962300851322,0.8,0.0,1.3333333333333333,True,True,True
16,32,0.03125,0.0,0.5,0.0,1.0289387235062781,0.0,0.0574646734260611,0.0574646734260611,2263.143929237476,200.76429679551995,0.6666666666666666,0.0,2.0,True,True,True
16,32,0.03125,0.0,0.75,0.0,1.036639852050998,0.0,0.07262048720672798,0.07262048720672798,6986.465461768189,340.4107039860689,0.5714285714285714,0.0,4.0,True,True,True
16,32,0.03125,0.02,0.0,0.02,1.013792316944786,0.012758894214873676,0.027490170207318698,0.03030674577736266,1219.993442605328,153.67464033367784,1.0,0.0,1.0,True,True,True
16,32,0.03125,0.02,0.25,0.02,1.0213230321171602,0.0126981466459325,0.04242112030334688,0.044280857896303635,1403.3325466347756,162.93962300851322,0.8,0.0,1.3333333333333333,True,True,True
16,32,0.03125,0.02,0.5,0.02,1.0289387235062781,0.012622009793399138,0.0574646734260611,0.05883454617134831,2263.143929237476,200.76429679551995,0.6666666666666666,0.0,2.0,True,True,True
16,32,0.03125,0.02,0.75,0.02,1.036639852050998,0.012536155217983595,0.07262048720672798,0.0736945747649847,6986.465461768189,340.4107039860689,0.5714285714285714,0.0,4.0,True,True,True
16,32,0.03125,0.04,0.0,0.04,1.013792316944786,0.025517788429747352,0.027490170207318698,0.03750822555617235,1219.993442605328,153.67464033367784,1.0,0.0,1.0,True,True,True
16,32,0.03125,0.04,0.25,0.04,1.0213230321171602,0.025396293291865,0.04242112030334688,0.04944211929880692,1403.3325466347756,162.93962300851322,0.8,0.0,1.3333333333333333,True,True,True
16,32,0.03125,0.04,0.5,0.04,1.0289387235062781,0.025244019586798276,0.0574646734260611,0.06276503180005971,2263.143929237476,200.76429679551995,0.6666666666666666,0.0,2.0,True,True,True
16,32,0.03125,0.04,0.75,0.04,1.036639852050998,0.02507231043596719,0.07262048720672798,0.07682679163377872,6986.465461768189,340.4107039860689,0.5714285714285714,0.0,4.0,True,True,True
16,32,0.03125,0.08,0.0,0.08,1.013792316944786,0.051035576859494704,0.027490170207318698,0.05796843592342943,1219.993442605328,153.67464033367784,1.0,0.0,1.0,True,True,True
16,32,0.03125,0.08,0.25,0.08,1.0213230321171602,0.05079258658373,0.04242112030334688,0.06617732466379053,1403.3325466347756,162.93962300851322,0.8,0.0,1.3333333333333333,True,True,True
16,32,0.03125,0.08,0.5,0.08,1.0289387235062781,0.05048803917359655,0.0574646734260611,0.07649333821685698,2263.143929237476,200.76429679551995,0.6666666666666666,0.0,2.0,True,True,True
16,32,0.03125,0.08,0.75,0.08,1.036639852050998,0.05014462087193438,0.07262048720672798,0.08825088194761897,6986.465461768189,340.4107039860689,0.5714285714285714,0.0,4.0,True,True,True
16,64,0.015625,0.0,0.0,0.0,1.0068250774576404,0.0,0.013626943217598608,0.013626943217598608,1219.993442605328,153.67464033367784,1.0,0.0,1.0,True,True,True
16,64,0.015625,0.0,0.25,0.0,1.010574687377937,0.0,0.02109375643580247,0.02109375643580247,1403.3325466347756,162.93962300851322,0.8,0.0,1.3333333333333333,True,True,True
16,64,0.015625,0.0,0.5,0.0,1.0143490382940403,0.0,0.02859586117851265,0.02859586117851265,2263.143929237476,200.76429679551995,0.6666666666666666,0.0,2.0,True,True,True
16,64,0.015625,0.0,0.75,0.0,1.0181483933838282,0.0,0.036133582296459466,0.036133582296459466,6986.465461768189,340.4107039860689,0.5714285714285714,0.0,4.0,True,True,True
16,64,0.015625,0.02,0.0,0.02,1.0068250774576404,0.01270026951512186,0.013626943217598608,0.018627679061342838,1219.993442605328,153.67464033367784,1.0,0.0,1.0,True,True,True
16,64,0.015625,0.02,0.25,0.02,1.010574687377937,0.012618228241556798,0.02109375643580247,0.024579793419168102,1403.3325466347756,162.93962300851322,0.8,0.0,1.3333333333333333,True,True,True
16,64,0.015625,0.02,0.5,0.02,1.0143490382940403,0.012522498116635847,0.02859586117851265,0.03121756293534002,2263.143929237476,200.76429679551995,0.6666666666666666,0.0,2.0,True,True,True
16,64,0.015625,0.02,0.75,0.02,1.0181483933838282,0.012418442144892489,0.036133582296459466,0.0382080289321636,6986.465461768189,340.4107039860689,0.5714285714285714,0.0,4.0,True,True,True
16,64,0.015625,0.04,0.0,0.04,1.0068250774576404,0.02540053903024372,0.013626943217598608,0.028825005888682684,1219.993442605328,153.67464033367784,1.0,0.0,1.0,True,True,True
16,64,0.015625,0.04,0.25,0.04,1.010574687377937,0.025236456483113595,0.02109375643580247,0.032891112726647666,1403.3325466347756,162.93962300851322,0.8,0.0,1.3333333333333333,True,True,True
16,64,0.015625,0.04,0.5,0.04,1.0143490382940403,0.025044996233271694,0.02859586117851265,0.03801282826711741,2263.143929237476,200.76429679551995,0.6666666666666666,0.0,2.0,True,True,True
16,64,0.015625,0.04,0.75,0.04,1.0181483933838282,0.024836884289784977,0.036133582296459466,0.04384639769467016,6986.465461768189,340.4107039860689,0.5714285714285714,0.0,4.0,True,True,True
16,64,0.015625,0.08,0.0,0.08,1.0068250774576404,0.05080107806048744,0.013626943217598608,0.05259698768526003,1219.993442605328,153.67464033367784,1.0,0.0,1.0,True,True,True
16,64,0.015625,0.08,0.25,0.08,1.010574687377937,0.05047291296622719,0.02109375643580247,0.05470339572521347,1403.3325466347756,162.93962300851322,0.8,0.0,1.3333333333333333,True,True,True
16,64,0.015625,0.08,0.5,0.08,1.0143490382940403,0.05008999246654339,0.02859586117851265,0.05767781741570272,2263.143929237476,200.76429679551995,0.6666666666666666,0.0,2.0,True,True,True
16,64,0.015625,0.08,0.75,0.08,1.0181483933838282,0.049673768579569955,0.036133582296459466,0.06142571981240171,6986.465461768189,340.4107039860689,0.5714285714285714,0.0,4.0,True,True,True
16,128,0.0078125,0.0,0.0,0.0,1.0033949937268631,0.0,0.00678423422447505,0.00678423422447505,1219.993442605328,153.67464033367784,1.0,0.0,1.0,True,True,True
16,128,0.0078125,0.0,0.25,0.0,1.0052657295941883,0.0,0.010517631616523637,0.010517631616523637,1403.3325466347756,162.93962300851322,0.8,0.0,1.3333333333333333,True,True,True
16,128,0.0078125,0.0,0.5,0.0,1.007144363516315,0.0,0.014263296828079142,0.014263296828079142,2263.143929237476,200.76429679551995,0.6666666666666666,0.0,2.0,True,True,True
16,128,0.0078125,0.0,0.75,0.0,1.0090310566426868,0.0,0.018021516403687876,0.018021516403687876,6986.465461768189,340.4107039860689,0.5714285714285714,0.0,4.0,True,True,True
16,128,0.0078125,0.02,0.0,0.02,1.0033949937268631,0.012671245681559262,0.00678423422447505,0.014373110350058988,1219.993442605328,153.67464033367784,1.0,0.0,1.0,True,True,True
16,128,0.0078125,0.02,0.25,0.02,1.0052657295941883,0.012578596805027945,0.010517631616523637,0.01639639205448433,1403.3325466347756,162.93962300851322,0.8,0.0,1.3333333333333333,True,True,True
16,128,0.0078125,0.02,0.5,0.02,1.007144363516315,0.012473116285347152,0.014263296828079142,0.018947830120456664,2263.143929237476,200.76429679551995,0.6666666666666666,0.0,2.0,True,True,True
16,128,0.0078125,0.02,0.75,0.02,1.0090310566426868,0.012360012621735124,0.018021516403687876,0.021852802234446793,6986.465461768189,340.4107039860689,0.5714285714285714,0.0,4.0,True,True,True
16,128,0.0078125,0.04,0.0,0.04,1.0033949937268631,0.025342491363118523,0.00678423422447505,0.02623485663201298,1219.993442605328,153.67464033367784,1.0,0.0,1.0,True,True,True
16,128,0.0078125,0.04,0.25,0.04,1.0052657295941883,0.02515719361005589,0.010517631616523637,0.027267287455020797,1403.3325466347756,162.93962300851322,0.8,0.0,1.3333333333333333,True,True,True
16,128,0.0078125,0.04,0.5,0.04,1.007144363516315,0.024946232570694303,0.014263296828079142,0.028735973202191394,2263.143929237476,200.76429679551995,0.6666666666666666,0.0,2.0,True,True,True
16,128,0.0078125,0.04,0.75,0.04,1.0090310566426868,0.024720025243470247,0.018021516403687876,0.03059174237480104,6986.465461768189,340.4107039860689,0.5714285714285714,0.0,4.0,True,True,True
16,128,0.0078125,0.08,0.0,0.08,1.0033949937268631,0.050684982726237046,0.00678423422447505,0.05113700526987757,1219.993442605328,153.67464033367784,1.0,0.0,1.0,True,True,True
16,128,0.0078125,0.08,0.25,0.08,1.0052657295941883,0.05031438722011178,0.010517631616523637,0.051401927358380686,1403.3325466347756,162.93962300851322,0.8,0.0,1.3333333333333333,True,True,True
16,128,0.0078125,0.08,0.5,0.08,1.007144363516315,0.049892465141388606,0.014263296828079142,0.05189122964712409,2263.143929237476,200.76429679551995,0.6666666666666666,0.0,2.0,True,True,True
16,128,0.0078125,0.08,0.75,0.08,1.0090310566426868,0.049440050486940494,0.018021516403687876,0.05262217826771917,6986.465461768189,340.4107039860689,0.5714285714285714,0.0,4.0,True,True,True
16,256,0.00390625,0.0,0.0,0.0,1.0016931383843215,0.0,0.0033848446220039463,0.0033848446220039463,1219.993442605328,153.67464033367784,1.0,0.0,1.0,True,True,True
16,256,0.00390625,0.0,0.25,0.0,1.0026274731747342,0.0,0.005251499069159671,0.005251499069159671,1403.3325466347756,162.93962300851322,0.8,0.0,1.3333333333333333,True,True,True
16,256,0.00390625,0.0,0.5,0.0,1.0035646348261436,0.0,0.007122927640016208,0.007122927640016208,2263.143929237476,200.76429679551995,0.6666666666666666,0.0,2.0,True,True,True
16,256,0.00390625,0.0,0.75,0.0,1.0045047140809173,0.0,0.008999304726140522,0.008999304726140522,6986.465461768189,340.4107039860689,0.5714285714285714,0.0,4.0,True,True,True
16,256,0.00390625,0.02,0.0,0.02,1.0016931383843215,0.01265680490216929,0.0033848446220039463,0.013101598507307632,1219.993442605328,153.67464033367784,1.0,0.0,1.0,True,True,True
16,256,0.00390625,0.02,0.25,0.02,1.0026274731747342,0.012558862493029345,0.005251499069159671,0.013612614355523488,1403.3325466347756,162.93962300851322,0.8,0.0,1.3333333333333333,True,True,True
16,256,0.00390625,0.02,0.5,0.02,1.0035646348261436,0.01244851928655402,0.007122927640016208,0.014342305623316436,2263.143929237476,200.76429679551995,0.6666666666666666,0.0,2.0,True,True,True
16,256,0.00390625,0.02,0.75,0.02,1.0045047140809173,0.012330906475633662,0.008999304726140522,0.0152656064427444,6986.465461768189,340.4107039860689,0.5714285714285714,0.0,4.0,True,True,True
16,256,0.00390625,0.04,0.0,0.04,1.0016931383843215,0.02531360980433858,0.0033848446220039463,0.02553891177089218,1219.993442605328,153.67464033367784,1.0,0.0,1.0,True,True,True
16,256,0.00390625,0.04,0.25,0.04,1.0026274731747342,0.02511772498605869,0.005251499069159671,0.025660833013537613,1403.3325466347756,162.93962300851322,0.8,0.0,1.3333333333333333,True,True,True
16,256,0.00390625,0.04,0.5,0.04,1.0035646348261436,0.02489703857310804,0.007122927640016208,0.025895919135565288,2263.143929237476,200.76429679551995,0.6666666666666666,0.0,2.0,True,True,True
16,256,0.00390625,0.04,0.75,0.04,1.0045047140809173,0.024661812951267324,0.008999304726140522,0.026252476142208603,6986.465461768189,340.4107039860689,0.5714285714285714,0.0,4.0,True,True,True
16,256,0.00390625,0.08,0.0,0.08,1.0016931383843215,0.05062721960867716,0.0033848446220039463,0.05074024574655048,1219.993442605328,153.67464033367784,1.0,0.0,1.0,True,True,True
16,256,0.00390625,0.08,0.25,0.08,1.0026274731747342,0.05023544997211738,0.005251499069159671,0.05050919397866584,1403.3325466347756,162.93962300851322,0.8,0.0,1.3333333333333333,True,True,True
16,256,0.00390625,0.08,0.5,0.08,1.0035646348261436,0.04979407714621608,0.007122927640016208,0.050300956422400414,2263.143929237476,200.76429679551995,0.6666666666666666,0.0,2.0,True,True,True
16,256,0.00390625,0.08,0.75,0.08,1.0045047140809173,0.04932362590253465,0.008999304726140522,0.050137885453288934,6986.465461768189,340.4107039860689,0.5714285714285714,0.0,4.0,True,True,True
16,512,0.001953125,0.0,0.0,0.0,1.0008454830200713,0.0,0.0016906087703905115,0.0016906087703905115,1219.993442605328,153.67464033367784,1.0,0.0,1.0,True,True,True
16,512,0.001953125,0.0,0.25,0.0,1.0013123901859964,0.0,0.0026239197526338742,0.0026239197526338742,1403.3325466347756,162.93962300851322,0.8,0.0,1.3333333333333333,True,True,True
16,512,0.001953125,0.0,0.5,0.0,1.0017804297602297,0.0,0.0035592759647853356,0.0035592759647853356,2263.143929237476,200.76429679551995,0.6666666666666666,0.0,2.0,True,True,True
16,512,0.001953125,0.0,0.75,0.0,1.0022496500110578,0.0,0.004496772401861193,0.004496772401861193,6986.465461768189,340.4107039860689,0.5714285714285714,0.0,4.0,True,True,True
16,512,0.001953125,0.02,0.0,0.02,1.0008454830200713,0.012649602174909113,0.0016906087703905115,0.012762076367033174,1219.993442605328,153.67464033367784,1.0,0.0,1.0,True,True,True
16,512,0.001953125,0.02,0.25,0.02,1.0013123901859964,0.012549015621903036,0.0026239197526338742,0.01282040357972512,1403.3325466347756,162.93962300851322,0.8,0.0,1.3333333333333333,True,True,True
16,512,0.001953125,0.02,0.5,0.02,1.0017804297602297,0.012436244314608234,0.0035592759647853356,0.012935556348535002,2263.143929237476,200.76429679551995,0.6666666666666666,0.0,2.0,True,True,True
16,512,0.001953125,0.02,0.75,0.02,1.0022496500110578,0.012316380779582498,0.004496772401861193,0.013111605452491683,6986.465461768189,340.4107039860689,0.5714285714285714,0.0,4.0,True,True,True
16,512,0.001953125,0.04,0.0,0.04,1.0008454830200713,0.025299204349818225,0.0016906087703905115,0.02535562854177318,1219.993442605328,153.67464033367784,1.0,0.0,1.0,True,True,True
16,512,0.001953125,0.04,0.25,0.04,1.0013123901859964,0.025098031243806072,0.0026239197526338742,0.025234819737484315,1403.3325466347756,162.93962300851322,0.8,0.0,1.3333333333333333,True,True,True
16,512,0.001953125,0.04,0.5,0.04,1.0017804297602297,0.02487248862921647,0.0035592759647853356,0.025125865875706675,2263.143929237476,200.76429679551995,0.6666666666666666,0.0,2.0,True,True,True
16,512,0.001953125,0.04,0.75,0.04,1.0022496500110578,0.024632761559164995,0.004496772401861193,0.025039846326701313,6986.465461768189,340.4107039860689,0.5714285714285714,0.0,4.0,True,True,True
16,512,0.001953125,0.08,0.0,0.08,1.0008454830200713,0.05059840869963645,0.0016906087703905115,0.05062664437773816,1219.993442605328,153.67464033367784,1.0,0.0,1.0,True,True,True
16,512,0.001953125,0.08,0.25,0.08,1.0013123901859964,0.050196062487612145,0.0026239197526338742,0.05026459632911146,1403.3325466347756,162.93962300851322,0.8,0.0,1.3333333333333333,True,True,True
16,512,0.001953125,0.08,0.5,0.08,1.0017804297602297,0.04974497725843294,0.0035592759647853356,0.049872148618597824,2263.143929237476,200.76429679551995,0.6666666666666666,0.0,2.0,True,True,True
16,512,0.001953125,0.08,0.75,0.08,1.0022496500110578,0.04926552311832999,0.004496772401861193,0.04947032171066656,6986.465461768189,340.4107039860689,0.5714285714285714,0.0,4.0,True,True,True
32,8,0.125,0.0,0.0,0.0,1.0587955275319167,0.0,0.1639237810651616,0.1639237810651616,4483.998215878325,419.8284684345577,1.0,0.0,1.0,True,True,True
32,8,0.125,0.0,0.25,0.0,1.089534972454533,0.0,0.24781501461928943,0.24781501461928943,5130.7248384782615,443.7918372743063,0.8,0.0,1.3333333333333333,True,True,True
32,8,0.125,0.0,0.5,0.0,1.1214250401806731,0.0,0.3336049387319701,0.3336049387319701,8151.343556603278,541.8588319952946,0.6666666666666666,0.0,2.0,True,True,True
32,8,0.125,0.0,0.75,0.0,1.1544853006884446,0.0,0.42126467185411004,0.42126467185411004,24604.564823878274,905.6014986538531,0.5714285714285714,0.0,4.0,True,True,True
32,8,0.125,0.02,0.0,0.02,1.0587955275319167,0.013127821683883668,0.1639237810651616,0.16444861112476103,4483.998215878325,419.8284684345577,1.0,0.0,1.0,True,True,True
32,8,0.125,0.02,0.25,0.02,1.089534972454533,0.013196533316635884,0.24781501461928943,0.2481661337941495,5130.7248384782615,443.7918372743063,0.8,0.0,1.3333333333333333,True,True,True
32,8,0.125,0.02,0.5,0.02,1.1214250401806731,0.013239514068271738,0.3336049387319701,0.33386754840673794,8151.343556603278,541.8588319952946,0.6666666666666666,0.0,2.0,True,True,True
32,8,0.125,0.02,0.75,0.02,1.1544853006884446,0.013264282529161646,0.42126467185411004,0.4214734451224234,24604.564823878274,905.6014986538531,0.5714285714285714,0.0,4.0,True,True,True
32,8,0.125,0.04,0.0,0.04,1.0587955275319167,0.026255643367767336,0.1639237810651616,0.1660131464895308,4483.998215878325,419.8284684345577,1.0,0.0,1.0,True,True,True
32,8,0.125,0.04,0.25,0.04,1.089534972454533,0.026393066633271768,0.24781501461928943,0.249216523202349,5130.7248384782615,443.7918372743063,0.8,0.0,1.3333333333333333,True,True,True
32,8,0.125,0.04,0.5,0.04,1.1214250401806731,0.026479028136543476,0.3336049387319701,0.3346541409835196,8151.343556603278,541.8588319952946,0.6666666666666666,0.0,2.0,True,True,True
32,8,0.125,0.04,0.75,0.04,1.1544853006884446,0.02652856505832329,0.42126467185411004,0.4220991453632721,24604.564823878274,905.6014986538531,0.5714285714285714,0.0,4.0,True,True,True
32,8,0.125,0.08,0.0,0.08,1.0587955275319167,0.05251128673553467,0.1639237810651616,0.1721291411508248,4483.998215878325,419.8284684345577,1.0,0.0,1.0,True,True,True
32,8,0.125,0.08,0.25,0.08,1.089534972454533,0.052786133266543536,0.24781501461928943,0.25337453963646767,5130.7248384782615,443.7918372743063,0.8,0.0,1.3333333333333333,True,True,True
32,8,0.125,0.08,0.5,0.08,1.1214250401806731,0.05295805627308695,0.3336049387319701,0.3377821944250244,8151.343556603278,541.8588319952946,0.6666666666666666,0.0,2.0,True,True,True
32,8,0.125,0.08,0.75,0.08,1.1544853006884446,0.05305713011664658,0.42126467185411004,0.4245927258074092,24604.564823878274,905.6014986538531,0.5714285714285714,0.0,4.0,True,True,True
32,16,0.0625,0.0,0.0,0.0,1.0281681036652583,0.0,0.0791181456023059,0.0791181456023059,4483.998215878325,419.8284684345577,1.0,0.0,1.0,True,True,True
32,16,0.0625,0.0,0.25,0.0,1.0433463739967932,0.0,0.12130150887009086,0.12130150887009086,5130.7248384782615,443.7918372743063,0.8,0.0,1.3333333333333333,True,True,True
32,16,0.0625,0.0,0.5,0.0,1.0588339248495242,0.0,0.16402932563474765,0.16402932563474765,8151.343556603278,541.8588319952946,0.6666666666666666,0.0,2.0,True,True,True
32,16,0.0625,0.0,0.75,0.0,1.0746327309645471,0.0,0.20729508275228106,0.20729508275228106,24604.564823878274,905.6014986538531,0.5714285714285714,0.0,4.0,True,True,True
32,16,0.0625,0.02,0.0,0.02,1.0281681036652583,0.012878517390964144,0.0791181456023059,0.08015944843708096,4483.998215878325,419.8284684345577,1.0,0.0,1.0,True,True,True
32,16,0.0625,0.02,0.25,0.02,1.0433463739967932,0.012860640052677924,0.12130150887009086,0.12198135971010192,5130.7248384782615,443.7918372743063,0.8,0.0,1.3333333333333333,True,True,True
32,16,0.0625,0.02,0.5,0.02,1.0588339248495242,0.012823994955238798,0.16402932563474765,0.16452985903720355,8151.343556603278,541.8588319952946,0.6666666666666666,0.0,2.0,True,True,True
32,16,0.0625,0.02,0.75,0.02,1.0746327309645471,0.012774868850794744,0.20729508275228106,0.20768834490030985,24604.564823878274,905.6014986538531,0.5714285714285714,0.0,4.0,True,True,True
32,16,0.0625,0.04,0.0,0.04,1.0281681036652583,0.025757034781928288,0.0791181456023059,0.08320520298818541,4483.998215878325,419.8284684345577,1.0,0.0,1.0,True,True,True
32,16,0.0625,0.04,0.25,0.04,1.0433463739967932,0.025721280105355848,0.12130150887009086,0.12399854960610994,5130.7248384782615,443.7918372743063,0.8,0.0,1.3333333333333333,True,True,True
32,16,0.0625,0.04,0.5,0.04,1.0588339248495242,0.025647989910477596,0.16402932563474765,0.1660224052790407,8151.343556603278,541.8588319952946,0.6666666666666666,0.0,2.0,True,True,True
32,16,0.0625,0.04,0.75,0.04,1.0746327309645471,0.025549737701589487,0.20729508275228106,0.2088636886342264,24604.564823878274,905.6014986538531,0.5714285714285714,0.0,4.0,True,True,True
32,16,0.0625,0.08,0.0,0.08,1.0281681036652583,0.051514069563856575,0.0791181456023059,0.09441070027585607,4483.998215878325,419.8284684345577,1.0,0.0,1.0,True,True,True
32,16,0.0625,0.08,0.25,0.08,1.0433463739967932,0.051442560210711696,0.12130150887009086,0.13175884431488244,5130.7248384782615,443.7918372743063,0.8,0.0,1.3333333333333333,True,True,True
32,16,0.0625,0.08,0.5,0.08,1.0588339248495242,0.05129597982095519,0.16402932563474765,0.1718630187503464,8151.343556603278,541.8588319952946,0.6666666666666666,0.0,2.0,True,True,True
32,16,0.0625,0.08,0.75,0.08,1.0746327309645471,0.051099475403178975,0.20729508275228106,0.21350036936678857,24604.564823878274,905.6014986538531,0.5714285714285714,0.0,4.0,True,True,True
32,32,0.03125,0.0,0.0,0.0,1.013792316944786,0.0,0.03887697153913491,0.03887697153913491,4483.998215878325,419.8284684345577,1.0,0.0,1.0,True,True,True
32,32,0.03125,0.0,0.25,0.0,1.0213230321171602,0.0,0.05999252366405383,0.05999252366405383,5130.7248384782615,443.7918372743063,0.8,0.0,1.3333333333333333,True,True,True
32,32,0.03125,0.0,0.5,0.0,1.0289387235062781,0.0,0.0812673205164764,0.0812673205164764,8151.343556603278,541.8588319952946,0.6666666666666666,0.0,2.0,True,True,True
32,32,0.03125,0.0,0.75,0.0,1.036639852050998,0.0,0.10270087791389655,0.10270087791389655,24604.564823878274,905.6014986538531,0.5714285714285714,0.0,4.0,True,True,True
32,32,0.03125,0.02,0.0,0.02,1.013792316944786,0.012758894214873676,0.03887697153913491,0.04091709053245407,4483.998215878325,419.8284684345577,1.0,0.0,1.0,True,True,True
32,32,0.03125,0.02,0.25,0.02,1.0213230321171602,0.0126981466459325,0.05999252366405383,0.06132165868454364,5130.7248384782615,443.7918372743063,0.8,0.0,1.3333333333333333,True,True,True
32,32,0.03125,0.02,0.5,0.02,1.0289387235062781,0.012622009793399138,0.0812673205164764,0.08224167140295952,8151.343556603278,541.8588319952946,0.6666666666666666,0.0,2.0,True,True,True
32,32,0.03125,0.02,0.75,0.02,1.036639852050998,0.012536155217983595,0.10270087791389655,0.10346316016792867,24604.564823878274,905.6014986538531,0.5714285714285714,0.0,4.0,True,True,True
32,32,0.03125,0.04,0.0,0.04,1.013792316944786,0.025517788429747352,0.03887697153913491,0.04650351000085965,4483.998215878325,419.8284684345577,1.0,0.0,1.0,True,True,True
32,32,0.03125,0.04,0.25,0.04,1.0213230321171602,0.025396293291865,0.05999252366405383,0.06514656252288747,5130.7248384782615,443.7918372743063,0.8,0.0,1.3333333333333333,True,True,True
32,32,0.03125,0.04,0.5,0.04,1.0289387235062781,0.025244019586798276,0.0812673205164764,0.08509781377230768,8151.343556603278,541.8588319952946,0.6666666666666666,0.0,2.0,True,True,True
32,32,0.03125,0.04,0.75,0.04,1.036639852050998,0.02507231043596719,0.10270087791389655,0.10571703304048309,24604.564823878274,905.6014986538531,0.5714285714285714,0.0,4.0,True,True,True
32,32,0.03125,0.08,0.0,0.08,1.013792316944786,0.051035576859494704,0.03887697153913491,0.06415644177661427,4483.998215878325,419.8284684345577,1.0,0.0,1.0,True,True,True
32,32,0.03125,0.08,0.25,0.08,1.0213230321171602,0.05079258658373,0.05999252366405383,0.07860655028334324,5130.7248384782615,443.7918372743063,0.8,0.0,1.3333333333333333,True,True,True
32,32,0.03125,0.08,0.5,0.08,1.0289387235062781,0.05048803917359655,0.0812673205164764,0.09567350460562384,8151.343556603278,541.8588319952946,0.6666666666666666,0.0,2.0,True,True,True
32,32,0.03125,0.08,0.75,0.08,1.036639852050998,0.05014462087193438,0.10270087791389655,0.11428890290257895,24604.564823878274,905.6014986538531,0.5714285714285714,0.0,4.0,True,True,True
32,64,0.015625,0.0,0.0,0.0,1.0068250774576404,0.0,0.019271407912016016,0.019271407912016016,4483.998215878325,419.8284684345577,1.0,0.0,1.0,True,True,True
32,64,0.015625,0.0,0.25,0.0,1.010574687377937,0.0,0.02983107643290661,0.02983107643290661,5130.7248384782615,443.7918372743063,0.8,0.0,1.3333333333333333,True,True,True
32,64,0.015625,0.0,0.5,0.0,1.0143490382940403,0.0,0.04044065470639087,0.04044065470639087,8151.343556603278,541.8588319952946,0.6666666666666666,0.0,2.0,True,True,True
32,64,0.015625,0.0,0.75,0.0,1.0181483933838282,0.0,0.05110060214077734,0.05110060214077734,24604.564823878274,905.6014986538531,0.5714285714285714,0.0,4.0,True,True,True
32,64,0.015625,0.02,0.0,0.02,1.0068250774576404,0.01270026951512186,0.019271407912016016,0.02307994819465692,4483.998215878325,419.8284684345577,1.0,0.0,1.0,True,True,True
32,64,0.015625,0.02,0.25,0.02,1.010574687377937,0.012618228241556798,0.02983107643290661,0.032390010884560345,5130.7248384782615,443.7918372743063,0.8,0.0,1.3333333333333333,True,True,True
32,64,0.015625,0.02,0.5,0.02,1.0143490382940403,0.012522498116635847,0.04044065470639087,0.04233508606537469,8151.343556603278,541.8588319952946,0.6666666666666666,0.0,2.0,True,True,True
32,64,0.015625,0.02,0.75,0.02,1.0181483933838282,0.012418442144892489,0.05110060214077734,0.05258791918735766,24604.564823878274,905.6014986538531,0.5714285714285714,0.0,4.0,True,True,True
32,64,0.015625,0.04,0.0,0.04,1.0068250774576404,0.02540053903024372,0.019271407912016016,0.031883766181840065,4483.998215878325,419.8284684345577,1.0,0.0,1.0,True,True,True
32,64,0.015625,0.04,0.25,0.04,1.010574687377937,0.025236456483113595,0.02983107643290661,0.039073928097517946,5130.7248384782615,443.7918372743063,0.8,0.0,1.3333333333333333,True,True,True
32,64,0.015625,0.04,0.5,0.04,1.0143490382940403,0.025044996233271694,0.04044065470639087,0.047567829353525555,8151.343556603278,541.8588319952946,0.6666666666666666,0.0,2.0,True,True,True
32,64,0.015625,0.04,0.75,0.04,1.0181483933838282,0.024836884289784977,0.05110060214077734,0.05681674366218277,24604.564823878274,905.6014986538531,0.5714285714285714,0.0,4.0,True,True,True
32,64,0.015625,0.08,0.0,0.08,1.0068250774576404,0.05080107806048744,0.019271407912016016,0.0543335687675589,4483.998215878325,419.8284684345577,1.0,0.0,1.0,True,True,True
32,64,0.015625,0.08,0.25,0.08,1.010574687377937,0.05047291296622719,0.02983107643290661,0.058629412963479864,5130.7248384782615,443.7918372743063,0.8,0.0,1.3333333333333333,True,True,True
32,64,0.015625,0.08,0.5,0.08,1.0143490382940403,0.05008999246654339,0.04044065470639087,0.06437743314531814,8151.343556603278,541.8588319952946,0.6666666666666666,0.0,2.0,True,True,True
32,64,0.015625,0.08,0.75,0.08,1.0181483933838282,0.049673768579569955,0.05110060214077734,0.07126538306952886,24604.564823878274,905.6014986538531,0.5714285714285714,0.0,4.0,True,True,True
32,128,0.0078125,0.0,0.0,0.0,1.0033949937268631,0.0,0.009594356050568333,0.009594356050568333,4483.998215878325,419.8284684345577,1.0,0.0,1.0,True,True,True
32,128,0.0078125,0.0,0.25,0.0,1.0052657295941883,0.0,0.014874177276131788,0.014874177276131788,5130.7248384782615,443.7918372743063,0.8,0.0,1.3333333333333333,True,True,True
32,128,0.0078125,0.0,0.5,0.0,1.007144363516315,0.0,0.020171347818422673,0.020171347818422673,8151.343556603278,541.8588319952946,0.6666666666666666,0.0,2.0,True,True,True
32,128,0.0078125,0.0,0.75,0.0,1.0090310566426868,0.0,0.0254862729126246,0.0254862729126246,24604.564823878274,905.6014986538531,0.5714285714285714,0.0,4.0,True,True,True
32,128,0.0078125,0.02,0.0,0.02,1.0033949937268631,0.012671245681559262,0.009594356050568333,0.015893776616887234,4483.998215878325,419.8284684345577,1.0,0.0,1.0,True,True,True
32,128,0.0078125,0.02,0.25,0.02,1.0052657295941883,0.012578596805027945,0.014874177276131788,0.019479790738743948,5130.7248384782615,443.7918372743063,0.8,0.0,1.3333333333333333,True,True,True
32,128,0.0078125,0.02,0.5,0.02,1.007144363516315,0.012473116285347152,0.020171347818422673,0.0237162792756279,8151.343556603278,541.8588319952946,0.6666666666666666,0.0,2.0,True,True,True
32,128,0.0078125,0.02,0.75,0.02,1.0090310566426868,0.012360012621735124,0.0254862729126246,0.028325254085113414,24604.564823878274,905.6014986538531,0.5714285714285714,0.0,4.0,True,True,True
32,128,0.0078125,0.04,0.0,0.04,1.0033949937268631,0.025342491363118523,0.009594356050568333,0.027097851142015194,4483.998215878325,419.8284684345577,1.0,0.0,1.0,True,True,True
32,128,0.0078125,0.04,0.25,0.04,1.0052657295941883,0.02515719361005589,0.014874177276131788,0.029225426258236716,5130.7248384782615,443.7918372743063,0.8,0.0,1.3333333333333333,True,True,True
32,128,0.0078125,0.04,0.5,0.04,1.007144363516315,0.024946232570694303,0.020171347818422673,0.03208111270331742,8151.343556603278,541.8588319952946,0.6666666666666666,0.0,2.0,True,True,True
32,128,0.0078125,0.04,0.75,0.04,1.0090310566426868,0.024720025243470247,0.0254862729126246,0.03550534825930579,24604.564823878274,905.6014986538531,0.5714285714285714,0.0,4.0,True,True,True
32,128,0.0078125,0.08,0.0,0.08,1.0033949937268631,0.050684982726237046,0.009594356050568333,0.05158506704448512,4483.998215878325,419.8284684345577,1.0,0.0,1.0,True,True,True
32,128,0.0078125,0.08,0.25,0.08,1.0052657295941883,0.05031438722011178,0.014874177276131788,0.052466929688872996,5130.7248384782615,443.7918372743063,0.8,0.0,1.3333333333333333,True,True,True
32,128,0.0078125,0.08,0.5,0.08,1.007144363516315,0.049892465141388606,0.020171347818422673,0.053815809486585466,8151.343556603278,541.8588319952946,0.6666666666666666,0.0,2.0,True,True,True
32,128,0.0078125,0.08,0.75,0.08,1.0090310566426868,0.049440050486940494,0.0254862729126246,0.05562255566879328,24604.564823878274,905.6014986538531,0.5714285714285714,0.0,4.0,True,True,True
32,256,0.00390625,0.0,0.0,0.0,1.0016931383843215,0.0,0.0047868931709636135,0.0047868931709636135,4483.998215878325,419.8284684345577,1.0,0.0,1.0,True,True,True
32,256,0.00390625,0.0,0.25,0.0,1.0026274731747342,0.0,0.007426741206395291,0.007426741206395291,5130.7248384782615,443.7918372743063,0.8,0.0,1.3333333333333333,True,True,True
32,256,0.00390625,0.0,0.5,0.0,1.0035646348261436,0.0,0.010073340872313106,0.010073340872313106,8151.343556603278,541.8588319952946,0.6666666666666666,0.0,2.0,True,True,True
32,256,0.00390625,0.0,0.75,0.0,1.0045047140809173,0.0,0.01272693879563622,0.01272693879563622,24604.564823878274,905.6014986538531,0.5714285714285714,0.0,4.0,True,True,True
32,256,0.00390625,0.02,0.0,0.02,1.0016931383843215,0.01265680490216929,0.0047868931709636135,0.0135317795046252,4483.998215878325,419.8284684345577,1.0,0.0,1.0,True,True,True
32,256,0.00390625,0.02,0.25,0.02,1.0026274731747342,0.012558862493029345,0.007426741206395291,0.014590459624891501,5130.7248384782615,443.7918372743063,0.8,0.0,1.3333333333333333,True,True,True
32,256,0.00390625,0.02,0.5,0.02,1.0035646348261436,0.01244851928655402,0.010073340872313106,0.016013676303632502,8151.343556603278,541.8588319952946,0.6666666666666666,0.0,2.0,True,True,True
32,256,0.00390625,0.02,0.75,0.02,1.0045047140809173,0.012330906475633662,0.01272693879563622,0.017720785129860767,24604.564823878274,905.6014986538531,0.5714285714285714,0.0,4.0,True,True,True
32,256,0.00390625,0.04,0.0,0.04,1.0016931383843215,0.02531360980433858,0.0047868931709636135,0.025762243449601284,4483.998215878325,419.8284684345577,1.0,0.0,1.0,True,True,True
32,256,0.00390625,0.04,0.25,0.04,1.0026274731747342,0.02511772498605869,0.007426741206395291,0.02619268205858359,5130.7248384782615,443.7918372743063,0.8,0.0,1.3333333333333333,True,True,True
32,256,0.00390625,0.04,0.5,0.04,1.0035646348261436,0.02489703857310804,0.010073340872313106,0.02685767536553831,8151.343556603278,541.8588319952946,0.6666666666666666,0.0,2.0,True,True,True
32,256,0.00390625,0.04,0.75,0.04,1.0045047140809173,0.024661812951267324,0.01272693879563622,0.02775211684090363,24604.564823878274,905.6014986538531,0.5714285714285714,0.0,4.0,True,True,True
32,256,0.00390625,0.08,0.0,0.08,1.0016931383843215,0.05062721960867716,0.0047868931709636135,0.05085302067267433,4483.998215878325,419.8284684345577,1.0,0.0,1.0,True,True,True
32,256,0.00390625,0.08,0.25,0.08,1.0026274731747342,0.05023544997211738,0.007426741206395291,0.05078146235436587,5130.7248384782615,443.7918372743063,0.8,0.0,1.3333333333333333,True,True,True
32,256,0.00390625,0.08,0.5,0.08,1.0035646348261436,0.04979407714621608,0.010073340872313106,0.0508027786166577,8151.343556603278,541.8588319952946,0.6666666666666666,0.0,2.0,True,True,True
32,256,0.00390625,0.08,0.75,0.08,1.0045047140809173,0.04932362590253465,0.01272693879563622,0.05093913076683835,24604.564823878274,905.6014986538531,0.5714285714285714,0.0,4.0,True,True,True
32,512,0.001953125,0.0,0.0,0.0,1.0008454830200713,0.0,0.0023908818517531633,0.0023908818517531633,4483.998215878325,419.8284684345577,1.0,0.0,1.0,True,True,True
32,512,0.001953125,0.0,0.25,0.0,1.0013123901859964,0.0,0.003710782900753482,0.003710782900753482,5130.7248384782615,443.7918372743063,0.8,0.0,1.3333333333333333,True,True,True
32,512,0.001953125,0.0,0.5,0.0,1.0017804297602297,0.0,0.005033576341628004,0.005033576341628004,8151.343556603278,541.8588319952946,0.6666666666666666,0.0,2.0,True,True,True
32,512,0.001953125,0.0,0.75,0.0,1.0022496500110578,0.0,0.006359396517617137,0.006359396517617137,24604.564823878274,905.6014986538531,0.5714285714285714,0.0,4.0,True,True,True
32,512,0.001953125,0.02,0.0,0.02,1.0008454830200713,0.012649602174909113,0.0023908818517531633,0.012873567928608913,4483.998215878325,419.8284684345577,1.0,0.0,1.0,True,True,True
32,512,0.001953125,0.02,0.25,0.02,1.0013123901859964,0.012549015621903036,0.003710782900753482,0.013086164557092,5130.7248384782615,443.7918372743063,0.8,0.0,1.3333333333333333,True,True,True
32,512,0.001953125,0.02,0.5,0.02,1.0017804297602297,0.012436244314608234,0.005033576341628004,0.013416298425408656,8151.343556603278,541.8588319952946,0.6666666666666666,0.0,2.0,True,True,True
32,512,0.001953125,0.02,0.75,0.02,1.0022496500110578,0.012316380779582498,0.006359396517617137,0.013861282753625298,24604.564823878274,905.6014986538531,0.5714285714285714,0.0,4.0,True,True,True
32,512,0.001953125,0.04,0.0,0.04,1.0008454830200713,0.025299204349818225,0.0023908818517531633,0.02541192745076422,4483.998215878325,419.8284684345577,1.0,0.0,1.0,True,True,True
32,512,0.001953125,0.04,0.25,0.04,1.0013123901859964,0.025098031243806072,0.003710782900753482,0.025370870738931888,5130.7248384782615,443.7918372743063,0.8,0.0,1.3333333333333333,True,True,True
32,512,0.001953125,0.04,0.5,0.04,1.0017804297602297,0.02487248862921647,0.005033576341628004,0.025376713368706748,8151.343556603278,541.8588319952946,0.6666666666666666,0.0,2.0,True,True,True
32,512,0.001953125,0.04,0.75,0.04,1.0022496500110578,0.024632761559164995,0.006359396517617137,0.02544041796234798,24604.564823878274,905.6014986538531,0.5714285714285714,0.0,4.0,True,True,True
32,512,0.001953125,0.08,0.0,0.08,1.0008454830200713,0.05059840869963645,0.0023908818517531633,0.05065486431690927,4483.998215878325,419.8284684345577,1.0,0.0,1.0,True,True,True
32,512,0.001953125,0.08,0.25,0.08,1.0013123901859964,0.050196062487612145,0.003710782900753482,0.0503330368545033,5130.7248384782615,443.7918372743063,0.8,0.0,1.3333333333333333,True,True,True
32,512,0.001953125,0.08,0.5,0.08,1.0017804297602297,0.04974497725843294,0.005033576341628004,0.049998996522220396,8151.343556603278,541.8588319952946,0.6666666666666666,0.0,2.0,True,True,True
32,512,0.001953125,0.08,0.75,0.08,1.0022496500110578,0.04926552311832999,0.006359396517617137,0.04967427596041021,24604.564823878274,905.6014986538531,0.5714285714285714,0.0,4.0,True,True,True
64,8,0.125,0.0,0.0,0.0,1.0587955275319167,0.0,0.23182323437782948,0.23182323437782948,17155.999533690832,1166.2452444302671,1.0,0.0,1.0,True,True,True
64,8,0.125,0.0,0.25,0.0,1.089534972454533,0.0,0.3504633546342859,0.3504633546342859,19575.967103939423,1230.8557570455293,0.8,0.0,1.3333333333333333,True,True,True
64,8,0.125,0.0,0.5,0.0,1.1214250401806731,0.0,0.47178862882939754,0.47178862882939754,30850.114573291055,1495.5103920369886,0.6666666666666666,0.0,2.0,True,True,True
64,8,0.125,0.0,0.75,0.0,1.1544853006884446,0.0,0.5957582122847338,0.5957582122847338,91938.38933653296,2479.1532662459795,0.5714285714285714,0.0,4.0,True,True,True
64,8,0.125,0.02,0.0,0.02,1.0587955275319167,0.013127821683883668,0.23182323437782948,0.23219464184076666,17155.999533690832,1166.2452444302671,1.0,0.0,1.0,True,True,True
64,8,0.125,0.02,0.25,0.02,1.089534972454533,0.013196533316635884,0.3504633546342859,0.35071172126562056,19575.967103939423,1230.8557570455293,0.8,0.0,1.3333333333333333,True,True,True
64,8,0.125,0.02,0.5,0.02,1.1214250401806731,0.013239514068271738,0.47178862882939754,0.47197435844067526,30850.114573291055,1495.5103920369886,0.6666666666666666,0.0,2.0,True,True,True
64,8,0.125,0.02,0.75,0.02,1.1544853006884446,0.013264282529161646,0.5957582122847338,0.5959058555642119,91938.38933653296,2479.1532662459795,0.5714285714285714,0.0,4.0,True,True,True
64,8,0.125,0.04,0.0,0.04,1.0587955275319167,0.026255643367767336,0.23182323437782948,0.2333053167119289,17155.999533690832,1166.2452444302671,1.0,0.0,1.0,True,True,True
64,8,0.125,0.04,0.25,0.04,1.089534972454533,0.026393066633271768,0.3504633546342859,0.35145576806737083,19575.967103939423,1230.8557570455293,0.8,0.0,1.3333333333333333,True,True,True
64,8,0.125,0.04,0.5,0.04,1.1214250401806731,0.026479028136543476,0.47178862882939754,0.47253110926560055,30850.114573291055,1495.5103920369886,0.6666666666666666,0.0,2.0,True,True,True
64,8,0.125,0.04,0.75,0.04,1.1544853006884446,0.02652856505832329,0.5957582122847338,0.5963485660825854,91938.38933653296,2479.1532662459795,0.5714285714285714,0.0,4.0,True,True,True
64,8,0.125,0.08,0.0,0.08,1.0587955275319167,0.05251128673553467,0.23182323437782948,0.2376961237210645,17155.999533690832,1166.2452444302671,1.0,0.0,1.0,True,True,True
64,8,0.125,0.08,0.25,0.08,1.089534972454533,0.052786133266543536,0.3504633546342859,0.35441633541182965,19575.967103939423,1230.8557570455293,0.8,0.0,1.3333333333333333,True,True,True
64,8,0.125,0.08,0.5,0.08,1.1214250401806731,0.05295805627308695,0.47178862882939754,0.4747515834801886,30850.114573291055,1495.5103920369886,0.6666666666666666,0.0,2.0,True,True,True
64,8,0.125,0.08,0.75,0.08,1.1544853006884446,0.05305713011664658,0.5957582122847338,0.5981161313331356,91938.38933653296,2479.1532662459795,0.5714285714285714,0.0,4.0,True,True,True
64,16,0.0625,0.0,0.0,0.0,1.0281681036652583,0.0,0.11188995454059025,0.11188995454059025,17155.999533690832,1166.2452444302671,1.0,0.0,1.0,True,True,True
64,16,0.0625,0.0,0.25,0.0,1.0433463739967932,0.0,0.17154623898040278,0.17154623898040278,19575.967103939423,1230.8557570455293,0.8,0.0,1.3333333333333333,True,True,True
64,16,0.0625,0.0,0.5,0.0,1.0588339248495242,0.0,0.2319724969395729,0.2319724969395729,30850.114573291055,1495.5103920369886,0.6666666666666666,0.0,2.0,True,True,True
64,16,0.0625,0.0,0.75,0.0,1.0746327309645471,0.0,0.2931595174415289,0.2931595174415289,91938.38933653296,2479.1532662459795,0.5714285714285714,0.0,4.0,True,True,True
64,16,0.0625,0.02,0.0,0.02,1.0281681036652583,0.012878517390964144,0.11188995454059025,0.11262867369051595,17155.999533690832,1166.2452444302671,1.0,0.0,1.0,True,True,True
64,16,0.0625,0.02,0.25,0.02,1.0433463739967932,0.012860640052677924,0.17154623898040278,0.17202763781115524,19575.967103939423,1230.8557570455293,0.8,0.0,1.3333333333333333,True,True,True
64,16,0.0625,0.02,0.5,0.02,1.0588339248495242,0.012823994955238798,0.2319724969395729,0.2323266970948284,30850.114573291055,1495.5103920369886,0.6666666666666666,0.0,2.0,True,True,True
64,16,0.0625,0.02,0.75,0.02,1.0746327309645471,0.012774868850794744,0.2931595174415289,0.2934377275346596,91938.38933653296,2479.1532662459795,0.5714285714285714,0.0,4.0,True,True,True
64,16,0.0625,0.04,0.0,0.04,1.0281681036652583,0.025757034781928288,0.11188995454059025,0.11481631751564242,17155.999533690832,1166.2452444302671,1.0,0.0,1.0,True,True,True
64,16,0.0625,0.04,0.25,0.04,1.0433463739967932,0.025721280105355848,0.17154623898040278,0.17346381858641194,19575.967103939423,1230.8557570455293,0.8,0.0,1.3333333333333333,True,True,True
64,16,0.0625,0.04,0.5,0.04,1.0588339248495242,0.025647989910477596,0.2319724969395729,0.23338607225545427,30850.114573291055,1495.5103920369886,0.6666666666666666,0.0,2.0,True,True,True
64,16,0.0625,0.04,0.75,0.04,1.0746327309645471,0.025549737701589487,0.2931595174415289,0.29427077966249066,91938.38933653296,2479.1532662459795,0.5714285714285714,0.0,4.0,True,True,True
64,16,0.0625,0.08,0.0,0.08,1.0281681036652583,0.051514069563856575,0.11188995454059025,0.12317898071556367,17155.999533690832,1166.2452444302671,1.0,0.0,1.0,True,True,True
64,16,0.0625,0.08,0.25,0.08,1.0433463739967932,0.051442560210711696,0.17154623898040278,0.17909340889422526,19575.967103939423,1230.8557570455293,0.8,0.0,1.3333333333333333,True,True,True
64,16,0.0625,0.08,0.5,0.08,1.0588339248495242,0.05129597982095519,0.2319724969395729,0.2375763390621465,30850.114573291055,1495.5103920369886,0.6666666666666666,0.0,2.0,True,True,True
64,16,0.0625,0.08,0.75,0.08,1.0746327309645471,0.051099475403178975,0.2931595174415289,0.29757966841340183,91938.38933653296,2479.1532662459795,0.5714285714285714,0.0,4.0,True,True,True
64,32,0.03125,0.0,0.0,0.0,1.013792316944786,0.0,0.054980340414637396,0.054980340414637396,17155.999533690832,1166.2452444302671,1.0,0.0,1.0,True,True,True
64,32,0.03125,0.0,0.25,0.0,1.0213230321171602,0.0,0.08484224060669376,0.08484224060669376,19575.967103939423,1230.8557570455293,0.8,0.0,1.3333333333333333,True,True,True
64,32,0.03125,0.0,0.5,0.0,1.0289387235062781,0.0,0.1149293468521222,0.1149293468521222,30850.114573291055,1495.5103920369886,0.6666666666666666,0.0,2.0,True,True,True
64,32,0.03125,0.0,0.75,0.0,1.036639852050998,0.0,0.14524097441345596,0.14524097441345596,91938.38933653296,2479.1532662459795,0.5714285714285714,0.0,4.0,True,True,True
64,32,0.03125,0.02,0.0,0.02,1.013792316944786,0.012758894214873676,0.054980340414637396,0.056441360841990224,17155.999533690832,1166.2452444302671,1.0,0.0,1.0,True,True,True
64,32,0.03125,0.02,0.25,0.02,1.0213230321171602,0.0126981466459325,0.08484224060669376,0.08578722934916201,19575.967103939423,1230.8557570455293,0.8,0.0,1.3333333333333333,True,True,True
64,32,0.03125,0.02,0.5,0.02,1.0289387235062781,0.012622009793399138,0.1149293468521222,0.11562036974114931,30850.114573291055,1495.5103920369886,0.6666666666666666,0.0,2.0,True,True,True
64,32,0.03125,0.02,0.75,0.02,1.036639852050998,0.012536155217983595,0.14524097441345596,0.1457809858528181,91938.38933653296,2479.1532662459795,0.5714285714285714,0.0,4.0,True,True,True
64,32,0.03125,0.04,0.0,0.04,1.013792316944786,0.025517788429747352,0.054980340414637396,0.06061349155472532,17155.999533690832,1166.2452444302671,1.0,0.0,1.0,True,True,True
64,32,0.03125,0.04,0.25,0.04,1.0213230321171602,0.025396293291865,0.08484224060669376,0.08856171579260727,19575.967103939423,1230.8557570455293,0.8,0.0,1.3333333333333333,True,True,True
64,32,0.03125,0.04,0.5,0.04,1.0289387235062781,0.025244019586798276,0.1149293468521222,0.11766909234269662,30850.114573291055,1495.5103920369886,0.6666666666666666,0.0,2.0,True,True,True
64,32,0.03125,0.04,0.75,0.04,1.036639852050998,0.02507231043596719,0.14524097441345596,0.1473891495299694,91938.38933653296,2479.1532662459795,0.5714285714285714,0.0,4.0,True,True,True
64,32,0.03125,0.08,0.0,0.08,1.013792316944786,0.051035576859494704,0.054980340414637396,0.0750164511123447,17155.999533690832,1166.2452444302671,1.0,0.0,1.0,True,True,True
64,32,0.03125,0.08,0.25,0.08,1.0213230321171602,0.05079258658373,0.08484224060669376,0.09888423859761385,19575.967103939423,1230.8557570455293,0.8,0.0,1.3333333333333333,True,True,True
64,32,0.03125,0.08,0.5,0.08,1.0289387235062781,0.05048803917359655,0.1149293468521222,0.12553006360011942,30850.114573291055,1495.5103920369886,0.6666666666666666,0.0,2.0,True,True,True
64,32,0.03125,0.08,0.75,0.08,1.036639852050998,0.05014462087193438,0.14524097441345596,0.15365358326755743,91938.38933653296,2479.1532662459795,0.5714285714285714,0.0,4.0,True,True,True
64,64,0.015625,0.0,0.0,0.0,1.0068250774576404,0.0,0.027253886435197217,0.027253886435197217,17155.999533690832,1166.2452444302671,1.0,0.0,1.0,True,True,True
64,64,0.015625,0.0,0.25,0.0,1.010574687377937,0.0,0.04218751287160494,0.04218751287160494,19575.967103939423,1230.8557570455293,0.8,0.0,1.3333333333333333,True,True,True
64,64,0.015625,0.0,0.5,0.0,1.0143490382940403,0.0,0.0571917223570253,0.0571917223570253,30850.114573291055,1495.5103920369886,0.6666666666666666,0.0,2.0,True,True,True
64,64,0.015625,0.0,0.75,0.0,1.0181483933838282,0.0,0.07226716459291893,0.07226716459291893,91938.38933653296,2479.1532662459795,0.5714285714285714,0.0,4.0,True,True,True
64,64,0.015625,0.02,0.0,0.02,1.0068250774576404,0.01270026951512186,0.027253886435197217,0.03006777629921043,17155.999533690832,1166.2452444302671,1.0,0.0,1.0,True,True,True
64,64,0.015625,0.02,0.25,0.02,1.010574687377937,0.012618228241556798,0.04218751287160494,0.044034145004165276,19575.967103939423,1230.8557570455293,0.8,0.0,1.3333333333333333,True,True,True
64,64,0.015625,0.02,0.5,0.02,1.0143490382940403,0.012522498116635847,0.0571917223570253,0.058546614464409605,30850.114573291055,1495.5103920369886,0.6666666666666666,0.0,2.0,True,True,True
64,64,0.015625,0.02,0.75,0.02,1.0181483933838282,0.012418442144892489,0.07226716459291893,0.0733263989543062,91938.38933653296,2479.1532662459795,0.5714285714285714,0.0,4.0,True,True,True
64,64,0.015625,0.04,0.0,0.04,1.0068250774576404,0.02540053903024372,0.027253886435197217,0.037255358122685676,17155.999533690832,1166.2452444302671,1.0,0.0,1.0,True,True,True
64,64,0.015625,0.04,0.25,0.04,1.010574687377937,0.025236456483113595,0.04218751287160494,0.049159586838336204,19575.967103939423,1230.8557570455293,0.8,0.0,1.3333333333333333,True,True,True
64,64,0.015625,0.04,0.5,0.04,1.0143490382940403,0.025044996233271694,0.0571917223570253,0.06243512587068004,30850.114573291055,1495.5103920369886,0.6666666666666666,0.0,2.0,True,True,True
64,64,0.015625,0.04,0.75,0.04,1.0181483933838282,0.024836884289784977,0.07226716459291893,0.0764160578643272,91938.38933653296,2479.1532662459795,0.5714285714285714,0.0,4.0,True,True,True
64,64,0.015625,0.08,0.0,0.08,1.0068250774576404,0.05080107806048744,0.027253886435197217,0.05765001177736537,17155.999533690832,1166.2452444302671,1.0,0.0,1.0,True,True,True
64,64,0.015625,0.08,0.25,0.08,1.010574687377937,0.05047291296622719,0.04218751287160494,0.06578222545329533,19575.967103939423,1230.8557570455293,0.8,0.0,1.3333333333333333,True,True,True
64,64,0.015625,0.08,0.5,0.08,1.0143490382940403,0.05008999246654339,0.0571917223570253,0.07602565653423482,30850.114573291055,1495.5103920369886,0.6666666666666666,0.0,2.0,True,True,True
64,64,0.015625,0.08,0.75,0.08,1.0181483933838282,0.049673768579569955,0.07226716459291893,0.08769279538934031,91938.38933653296,2479.1532662459795,0.5714285714285714,0.0,4.0,True,True,True
64,128,0.0078125,0.0,0.0,0.0,1.0033949937268631,0.0,0.0135684684489501,0.0135684684489501,17155.999533690832,1166.2452444302671,1.0,0.0,1.0,True,True,True
64,128,0.0078125,0.0,0.25,0.0,1.0052657295941883,0.0,0.021035263233047274,0.021035263233047274,19575.967103939423,1230.8557570455293,0.8,0.0,1.3333333333333333,True,True,True
64,128,0.0078125,0.0,0.5,0.0,1.007144363516315,0.0,0.028526593656158283,0.028526593656158283,30850.114573291055,1495.5103920369886,0.6666666666666666,0.0,2.0,True,True,True
64,128,0.0078125,0.0,0.75,0.0,1.0090310566426868,0.0,0.03604303280737575,0.03604303280737575,91938.38933653296,2479.1532662459795,0.5714285714285714,0.0,4.0,True,True,True
64,128,0.0078125,0.02,0.0,0.02,1.0033949937268631,0.012671245681559262,0.0135684684489501,0.01856512330076449,17155.999533690832,1166.2452444302671,1.0,0.0,1.0,True,True,True
64,128,0.0078125,0.02,0.25,0.02,1.0052657295941883,0.012578596805027945,0.021035263233047274,0.024509251250641045,19575.967103939423,1230.8557570455293,0.8,0.0,1.3333333333333333,True,True,True
64,128,0.0078125,0.02,0.5,0.02,1.007144363516315,0.012473116285347152,0.028526593656158283,0.031134308656068827,30850.114573291055,1495.5103920369886,0.6666666666666666,0.0,2.0,True,True,True
64,128,0.0078125,0.02,0.75,0.02,1.0090310566426868,0.012360012621735124,0.03604303280737575,0.03810341357362902,91938.38933653296,2479.1532662459795,0.5714285714285714,0.0,4.0,True,True,True
64,128,0.0078125,0.04,0.0,0.04,1.0033949937268631,0.025342491363118523,0.0135684684489501,0.028746220700117977,17155.999533690832,1166.2452444302671,1.0,0.0,1.0,True,True,True
64,128,0.0078125,0.04,0.25,0.04,1.0052657295941883,0.02515719361005589,0.021035263233047274,0.03279278410896866,19575.967103939423,1230.8557570455293,0.8,0.0,1.3333333333333333,True,True,True
64,128,0.0078125,0.04,0.5,0.04,1.007144363516315,0.024946232570694303,0.028526593656158283,0.03789566024091333,30850.114573291055,1495.5103920369886,0.6666666666666666,0.0,2.0,True,True,True
64,128,0.0078125,0.04,0.75,0.04,1.0090310566426868,0.024720025243470247,0.03604303280737575,0.043705604468893586,91938.38933653296,2479.1532662459795,0.5714285714285714,0.0,4.0,True,True,True
64,128,0.0078125,0.08,0.0,0.08,1.0033949937268631,0.050684982726237046,0.0135684684489501,0.05246971326402596,17155.999533690832,1166.2452444302671,1.0,0.0,1.0,True,True,True
64,128,0.0078125,0.08,0.25,0.08,1.0052657295941883,0.05031438722011178,0.021035263233047274,0.05453457491004159,19575.967103939423,1230.8557570455293,0.8,0.0,1.3333333333333333,True,True,True
64,128,0.0078125,0.08,0.5,0.08,1.007144363516315,0.049892465141388606,0.028526593656158283,0.05747194640438279,30850.114573291055,1495.5103920369886,0.6666666666666666,0.0,2.0,True,True,True
64,128,0.0078125,0.08,0.75,0.08,1.0090310566426868,0.049440050486940494,0.03604303280737575,0.06118348474960208,91938.38933653296,2479.1532662459795,0.5714285714285714,0.0,4.0,True,True,True
64,256,0.00390625,0.0,0.0,0.0,1.0016931383843215,0.0,0.006769689244007893,0.006769689244007893,17155.999533690832,1166.2452444302671,1.0,0.0,1.0,True,True,True
64,256,0.00390625,0.0,0.25,0.0,1.0026274731747342,0.0,0.010502998138319342,0.010502998138319342,19575.967103939423,1230.8557570455293,0.8,0.0,1.3333333333333333,True,True,True
64,256,0.00390625,0.0,0.5,0.0,1.0035646348261436,0.0,0.014245855280032416,0.014245855280032416,30850.114573291055,1495.5103920369886,0.6666666666666666,0.0,2.0,True,True,True
64,256,0.00390625,0.0,0.75,0.0,1.0045047140809173,0.0,0.017998609452281045,0.017998609452281045,91938.38933653296,2479.1532662459795,0.5714285714285714,0.0,4.0,True,True,True
64,256,0.00390625,0.02,0.0,0.02,1.0016931383843215,0.01265680490216929,0.006769689244007893,0.014353515346144746,17155.999533690832,1166.2452444302671,1.0,0.0,1.0,True,True,True
64,256,0.00390625,0.02,0.25,0.02,1.0026274731747342,0.012558862493029345,0.010502998138319342,0.01637186602108504,19575.967103939423,1230.8557570455293,0.8,0.0,1.3333333333333333,True,True,True
64,256,0.00390625,0.02,0.5,0.02,1.0035646348261436,0.01244851928655402,0.014245855280032416,0.018918510118065186,30850.114573291055,1495.5103920369886,0.6666666666666666,0.0,2.0,True,True,True
64,256,0.00390625,0.02,0.75,0.02,1.0045047140809173,0.012330906475633662,0.017998609452281045,0.02181745165519027,91938.38933653296,2479.1532662459795,0.5714285714285714,0.0,4.0,True,True,True
64,256,0.00390625,0.04,0.0,0.04,1.0016931383843215,0.02531360980433858,0.006769689244007893,0.026203197014615265,17155.999533690832,1166.2452444302671,1.0,0.0,1.0,True,True,True
64,256,0.00390625,0.04,0.25,0.04,1.0026274731747342,0.02511772498605869,0.010502998138319342,0.027225228711046975,19575.967103939423,1230.8557570455293,0.8,0.0,1.3333333333333333,True,True,True
64,256,0.00390625,0.04,0.5,0.04,1.0035646348261436,0.02489703857310804,0.014245855280032416,0.028684611246632873,30850.114573291055,1495.5103920369886,0.6666666666666666,0.0,2.0,True,True,True
64,256,0.00390625,0.04,0.75,0.04,1.0045047140809173,0.024661812951267324,0.017998609452281045,0.0305312128854888,91938.38933653296,2479.1532662459795,0.5714285714285714,0.0,4.0,True,True,True
64,256,0.00390625,0.08,0.0,0.08,1.0016931383843215,0.05062721960867716,0.006769689244007893,0.05107782354178436,17155.999533690832,1166.2452444302671,1.0,0.0,1.0,True,True,True
64,256,0.00390625,0.08,0.25,0.08,1.0026274731747342,0.05023544997211738,0.010502998138319342,0.051321666027075226,19575.967103939423,1230.8557570455293,0.8,0.0,1.3333333333333333,True,True,True
64,256,0.00390625,0.08,0.5,0.08,1.0035646348261436,0.04979407714621608,0.014245855280032416,0.051791838271130576,30850.114573291055,1495.5103920369886,0.6666666666666666,0.0,2.0,True,True,True
64,256,0.00390625,0.08,0.75,0.08,1.0045047140809173,0.04932362590253465,0.017998609452281045,0.052504952284417206,91938.38933653296,2479.1532662459795,0.5714285714285714,0.0,4.0,True,True,True
64,512,0.001953125,0.0,0.0,0.0,1.0008454830200713,0.0,0.003381217540781023,0.003381217540781023,17155.999533690832,1166.2452444302671,1.0,0.0,1.0,True,True,True
64,512,0.001953125,0.0,0.25,0.0,1.0013123901859964,0.0,0.0052478395052677485,0.0052478395052677485,19575.967103939423,1230.8557570455293,0.8,0.0,1.3333333333333333,True,True,True
64,512,0.001953125,0.0,0.5,0.0,1.0017804297602297,0.0,0.007118551929570671,0.007118551929570671,30850.114573291055,1495.5103920369886,0.6666666666666666,0.0,2.0,True,True,True
64,512,0.001953125,0.0,0.75,0.0,1.0022496500110578,0.0,0.008993544803722386,0.008993544803722386,91938.38933653296,2479.1532662459795,0.5714285714285714,0.0,4.0,True,True,True
64,512,0.001953125,0.02,0.0,0.02,1.0008454830200713,0.012649602174909113,0.003381217540781023,0.013093703343269644,17155.999533690832,1166.2452444302671,1.0,0.0,1.0,True,True,True
64,512,0.001953125,0.02,0.25,0.02,1.0013123901859964,0.012549015621903036,0.0052478395052677485,0.013602117943607727,19575.967103939423,1230.8557570455293,0.8,0.0,1.3333333333333333,True,True,True
64,512,0.001953125,0.02,0.5,0.02,1.0017804297602297,0.012436244314608234,0.007118551929570671,0.014329478505047557,30850.114573291055,1495.5103920369886,0.6666666666666666,0.0,2.0,True,True,True
64,512,0.001953125,0.02,0.75,0.02,1.0022496500110578,0.012316380779582498,0.008993544803722386,0.015250478144774055,91938.38933653296,2479.1532662459795,0.5714285714285714,0.0,4.0,True,True,True
64,512,0.001953125,0.04,0.0,0.04,1.0008454830200713,0.025299204349818225,0.003381217540781023,0.025524152734066347,17155.999533690832,1166.2452444302671,1.0,0.0,1.0,True,True,True
64,512,0.001953125,0.04,0.25,0.04,1.0013123901859964,0.025098031243806072,0.0052478395052677485,0.02564080715945024,19575.967103939423,1230.8557570455293,0.8,0.0,1.3333333333333333,True,True,True
64,512,0.001953125,0.04,0.5,0.04,1.0017804297602297,0.02487248862921647,0.007118551929570671,0.025871112697070004,30850.114573291055,1495.5103920369886,0.6666666666666666,0.0,2.0,True,True,True
64,512,0.001953125,0.04,0.75,0.04,1.0022496500110578,0.024632761559164995,0.008993544803722386,0.026223210904983366,91938.38933653296,2479.1532662459795,0.5714285714285714,0.0,4.0,True,True,True
64,512,0.001953125,0.08,0.0,0.08,1.0008454830200713,0.05059840869963645,0.003381217540781023,0.05071125708354636,17155.999533690832,1166.2452444302671,1.0,0.0,1.0,True,True,True
64,512,0.001953125,0.08,0.25,0.08,1.0013123901859964,0.050196062487612145,0.0052478395052677485,0.05046963947496863,19575.967103939423,1230.8557570455293,0.8,0.0,1.3333333333333333,True,True,True
64,512,0.001953125,0.08,0.5,0.08,1.0017804297602297,0.04974497725843294,0.007118551929570671,0.05025173175141335,30850.114573291055,1495.5103920369886,0.6666666666666666,0.0,2.0,True,True,True
64,512,0.001953125,0.08,0.75,0.08,1.0022496500110578,0.04926552311832999,0.008993544803722386,0.050079692653402626,91938.38933653296,2479.1532662459795,0.5714285714285714,0.0,4.0,True,True,True
128,8,0.125,0.0,0.0,0.0,1.0587955275319167,0.0,0.3278475621303232,0.3278475621303232,67075.9998807323,3268.4675284808527,1.0,0.0,1.0,True,True,True
128,8,0.125,0.0,0.25,0.0,1.089534972454533,0.0,0.49563002923857885,0.49563002923857885,76428.45472942847,3446.7367473259173,0.8,0.0,1.3333333333333333,True,True,True
128,8,0.125,0.0,0.5,0.0,1.1214250401806731,0.0,0.6672098774639402,0.6672098774639402,119938.16797123547,4177.228447226479,0.6666666666666666,0.0,2.0,True,True,True
128,8,0.125,0.0,0.75,0.0,1.1544853006884446,0.0,0.8425293437082201,0.8425293437082201,355002.21096051706,6894.739661723725,0.5714285714285714,0.0,4.0,True,True,True
128,8,0.125,0.02,0.0,0.02,1.0587955275319167,0.013127821683883668,0.3278475621303232,0.32811029197048963,67075.9998807323,3268.4675284808527,1.0,0.0,1.0,True,True,True
128,8,0.125,0.02,0.25,0.02,1.089534972454533,0.013196533316635884,0.49563002923857885,0.4958056820717282,76428.45472942847,3446.7367473259173,0.8,0.0,1.3333333333333333,True,True,True
128,8,0.125,0.02,0.5,0.02,1.1214250401806731,0.013239514068271738,0.6672098774639402,0.6673412210542745,119938.16797123547,4177.228447226479,0.6666666666666666,0.0,2.0,True,True,True
128,8,0.125,0.02,0.75,0.02,1.1544853006884446,0.013264282529161646,0.8425293437082201,0.8426337497397178,355002.21096051706,6894.739661723725,0.5714285714285714,0.0,4.0,True,True,True
128,8,0.125,0.04,0.0,0.04,1.0587955275319167,0.026255643367767336,0.3278475621303232,0.32889722224952206,67075.9998807323,3268.4675284808527,1.0,0.0,1.0,True,True,True
128,8,0.125,0.04,0.25,0.04,1.089534972454533,0.026393066633271768,0.49563002923857885,0.496332267588299,76428.45472942847,3446.7367473259173,0.8,0.0,1.3333333333333333,True,True,True
128,8,0.125,0.04,0.5,0.04,1.1214250401806731,0.026479028136543476,0.6672098774639402,0.6677350968134759,119938.16797123547,4177.228447226479,0.6666666666666666,0.0,2.0,True,True,True
128,8,0.125,0.04,0.75,0.04,1.1544853006884446,0.02652856505832329,0.8425293437082201,0.8429468902448468,355002.21096051706,6894.739661723725,0.5714285714285714,0.0,4.0,True,True,True
128,8,0.125,0.08,0.0,0.08,1.0587955275319167,0.05251128673553467,0.3278475621303232,0.3320262929790616,67075.9998807323,3268.4675284808527,1.0,0.0,1.0,True,True,True
128,8,0.125,0.08,0.25,0.08,1.089534972454533,0.052786133266543536,0.49563002923857885,0.498433046404698,76428.45472942847,3446.7367473259173,0.8,0.0,1.3333333333333333,True,True,True
128,8,0.125,0.08,0.5,0.08,1.1214250401806731,0.05295805627308695,0.6672098774639402,0.6693082819670392,119938.16797123547,4177.228447226479,0.6666666666666666,0.0,2.0,True,True,True
128,8,0.125,0.08,0.75,0.08,1.1544853006884446,0.05305713011664658,0.8425293437082201,0.8441982907265442,355002.21096051706,6894.739661723725,0.5714285714285714,0.0,4.0,True,True,True
128,16,0.0625,0.0,0.0,0.0,1.0281681036652583,0.0,0.1582362912046118,0.1582362912046118,67075.9998807323,3268.4675284808527,1.0,0.0,1.0,True,True,True
128,16,0.0625,0.0,0.25,0.0,1.0433463739967932,0.0,0.24260301774018173,0.24260301774018173,76428.45472942847,3446.7367473259173,0.8,0.0,1.3333333333333333,True,True,True
128,16,0.0625,0.0,0.5,0.0,1.0588339248495242,0.0,0.3280586512694953,0.3280586512694953,119938.16797123547,4177.228447226479,0.6666666666666666,0.0,2.0,True,True,True
128,16,0.0625,0.0,0.75,0.0,1.0746327309645471,0.0,0.4145901655045621,0.4145901655045621,355002.21096051706,6894.739661723725,0.5714285714285714,0.0,4.0,True,True,True
128,16,0.0625,0.02,0.0,0.02,1.0281681036652583,0.012878517390964144,0.1582362912046118,0.15875950385529702,67075.9998807323,3268.4675284808527,1.0,0.0,1.0,True,True,True
128,16,0.0625,0.02,0.25,0.02,1.0433463739967932,0.012860640052677924,0.24260301774018173,0.2429436565938849,76428.45472942847,3446.7367473259173,0.8,0.0,1.3333333333333333,True,True,True
128,16,0.0625,0.02,0.5,0.02,1.0588339248495242,0.012823994955238798,0.3280586512694953,0.328309204134414,119938.16797123547,4177.228447226479,0.6666666666666666,0.0,2.0,True,True,True
128,16,0.0625,0.02,0.75,0.02,1.0746327309645471,0.012774868850794744,0.4145901655045621,0.4147869363989845,355002.21096051706,6894.739661723725,0.5714285714285714,0.0,4.0,True,True,True
128,16,0.0625,0.04,0.0,0.04,1.0281681036652583,0.025757034781928288,0.1582362912046118,0.16031889687416193,67075.9998807323,3268.4675284808527,1.0,0.0,1.0,True,True,True
128,16,0.0625,0.04,0.25,0.04,1.0433463739967932,0.025721280105355848,0.24260301774018173,0.24396271942020384,76428.45472942847,3446.7367473259173,0.8,0.0,1.3333333333333333,True,True,True
128,16,0.0625,0.04,0.5,0.04,1.0588339248495242,0.025647989910477596,0.3280586512694953,0.3290597180744071,119938.16797123547,4177.228447226479,0.6666666666666666,0.0,2.0,True,True,True
128,16,0.0625,0.04,0.75,0.04,1.0746327309645471,0.025549737701589487,0.4145901655045621,0.4153766898006197,355002.21096051706,6894.739661723725,0.5714285714285714,0.0,4.0,True,True,True
128,16,0.0625,0.08,0.0,0.08,1.0281681036652583,0.051514069563856575,0.1582362912046118,0.16641040597637083,67075.9998807323,3268.4675284808527,1.0,0.0,1.0,True,True,True
128,16,0.0625,0.08,0.25,0.08,1.0433463739967932,0.051442560210711696,0.24260301774018173,0.24799709921221988,76428.45472942847,3446.7367473259173,0.8,0.0,1.3333333333333333,True,True,True
128,16,0.0625,0.08,0.5,0.08,1.0588339248495242,0.05129597982095519,0.3280586512694953,0.3320448105580814,119938.16797123547,4177.228447226479,0.6666666666666666,0.0,2.0,True,True,True
128,16,0.0625,0.08,0.75,0.08,1.0746327309645471,0.051099475403178975,0.4145901655045621,0.4177273772684528,355002.21096051706,6894.739661723725,0.5714285714285714,0.0,4.0,True,True,True
128,32,0.03125,0.0,0.0,0.0,1.013792316944786,0.0,0.07775394307826981,0.07775394307826981,67075.9998807323,3268.4675284808527,1.0,0.0,1.0,True,True,True
128,32,0.03125,0.0,0.25,0.0,1.0213230321171602,0.0,0.11998504732810766,0.11998504732810766,76428.45472942847,3446.7367473259173,0.8,0.0,1.3333333333333333,True,True,True
128,32,0.03125,0.0,0.5,0.0,1.0289387235062781,0.0,0.1625346410329528,0.1625346410329528,119938.16797123547,4177.228447226479,0.6666666666666666,0.0,2.0,True,True,True
128,32,0.03125,0.0,0.75,0.0,1.036639852050998,0.0,0.2054017558277931,0.2054017558277931,355002.21096051706,6894.739661723725,0.5714285714285714,0.0,4.0,True,True,True
128,32,0.03125,0.02,0.0,0.02,1.013792316944786,0.012758894214873676,0.07775394307826981,0.07879381349957089,67075.9998807323,3268.4675284808527,1.0,0.0,1.0,True,True,True
128,32,0.03125,0.02,0.25,0.02,1.0213230321171602,0.0126981466459325,0.11998504732810766,0.12065510561335498,76428.45472942847,3446.7367473259173,0.8,0.0,1.3333333333333333,True,True,True
128,32,0.03125,0.02,0.5,0.02,1.0289387235062781,0.012622009793399138,0.1625346410329528,0.16302400027890213,119938.16797123547,4177.228447226479,0.6666666666666666,0.0,2.0,True,True,True
128,32,0.03125,0.02,0.75,0.02,1.036639852050998,0.012536155217983595,0.2054017558277931,0.2057839558488215,355002.21096051706,6894.739661723725,0.5714285714285714,0.0,4.0,True,True,True
128,32,0.03125,0.04,0.0,0.04,1.013792316944786,0.025517788429747352,0.07775394307826981,0.08183418106490814,67075.9998807323,3268.4675284808527,1.0,0.0,1.0,True,True,True
128,32,0.03125,0.04,0.25,0.04,1.0213230321171602,0.025396293291865,0.11998504732810766,0.12264331736908728,76428.45472942847,3446.7367473259173,0.8,0.0,1.3333333333333333,True,True,True
128,32,0.03125,0.04,0.5,0.04,1.0289387235062781,0.025244019586798276,0.1625346410329528,0.16448334280591903,119938.16797123547,4177.228447226479,0.6666666666666666,0.0,2.0,True,True,True
128,32,0.03125,0.04,0.75,0.04,1.036639852050998,0.02507231043596719,0.2054017558277931,0.20692632033585734,355002.21096051706,6894.739661723725,0.5714285714285714,0.0,4.0,True,True,True
128,32,0.03125,0.08,0.0,0.08,1.013792316944786,0.051035576859494704,0.07775394307826981,0.0930070200017193,67075.9998807323,3268.4675284808527,1.0,0.0,1.0,True,True,True
128,32,0.03125,0.08,0.25,0.08,1.0213230321171602,0.05079258658373,0.11998504732810766,0.13029312504577495,76428.45472942847,3446.7367473259173,0.8,0.0,1.3333333333333333,True,True,True
128,32,0.03125,0.08,0.5,0.08,1.0289387235062781,0.05048803917359655,0.1625346410329528,0.17019562754461537,119938.16797123547,4177.228447226479,0.6666666666666666,0.0,2.0,True,True,True
128,32,0.03125,0.08,0.75,0.08,1.036639852050998,0.05014462087193438,0.2054017558277931,0.21143406608096618,355002.21096051706,6894.739661723725,0.5714285714285714,0.0,4.0,True,True,True
128,64,0.015625,0.0,0.0,0.0,1.0068250774576404,0.0,0.03854281582403203,0.03854281582403203,67075.9998807323,3268.4675284808527,1.0,0.0,1.0,True,True,True
128,64,0.015625,0.0,0.25,0.0,1.010574687377937,0.0,0.05966215286581322,0.05966215286581322,76428.45472942847,3446.7367473259173,0.8,0.0,1.3333333333333333,True,True,True
128,64,0.015625,0.0,0.5,0.0,1.0143490382940403,0.0,0.08088130941278174,0.08088130941278174,119938.16797123547,4177.228447226479,0.6666666666666666,0.0,2.0,True,True,True
128,64,0.015625,0.0,0.75,0.0,1.0181483933838282,0.0,0.10220120428155469,0.10220120428155469,355002.21096051706,6894.739661723725,0.5714285714285714,0.0,4.0,True,True,True
128,64,0.015625,0.02,0.0,0.02,1.0068250774576404,0.01270026951512186,0.03854281582403203,0.040581344203981067,67075.9998807323,3268.4675284808527,1.0,0.0,1.0,True,True,True
128,64,0.015625,0.02,0.25,0.02,1.010574687377937,0.012618228241556798,0.05966215286581322,0.06098190033558881,76428.45472942847,3446.7367473259173,0.8,0.0,1.3333333333333333,True,True,True
128,64,0.015625,0.02,0.5,0.02,1.0143490382940403,0.012522498116635847,0.08088130941278174,0.08184497034886923,119938.16797123547,4177.228447226479,0.6666666666666666,0.0,2.0,True,True,True
128,64,0.015625,0.02,0.75,0.02,1.0181483933838282,0.012418442144892489,0.10220120428155469,0.10295292060891771,355002.21096051706,6894.739661723725,0.5714285714285714,0.0,4.0,True,True,True
128,64,0.015625,0.04,0.0,0.04,1.0068250774576404,0.02540053903024372,0.03854281582403203,0.04615989638931384,67075.9998807323,3268.4675284808527,1.0,0.0,1.0,True,True,True
128,64,0.015625,0.04,0.25,0.04,1.010574687377937,0.025236456483113595,0.05966215286581322,0.06478002176912069,76428.45472942847,3446.7367473259173,0.8,0.0,1.3333333333333333,True,True,True
128,64,0.015625,0.04,0.5,0.04,1.0143490382940403,0.025044996233271694,0.08088130941278174,0.08467017213074939,119938.16797123547,4177.228447226479,0.6666666666666666,0.0,2.0,True,True,True
128,64,0.015625,0.04,0.75,0.04,1.0181483933838282,0.024836884289784977,0.10220120428155469,0.10517583837471532,355002.21096051706,6894.739661723725,0.5714285714285714,0.0,4.0,True,True,True
128,64,0.015625,0.08,0.0,0.08,1.0068250774576404,0.05080107806048744,0.03854281582403203,0.06376753236368013,67075.9998807323,3268.4675284808527,1.0,0.0,1.0,True,True,True
128,64,0.015625,0.08,0.25,0.08,1.010574687377937,0.05047291296622719,0.05966215286581322,0.07814785619503589,76428.45472942847,3446.7367473259173,0.8,0.0,1.3333333333333333,True,True,True
128,64,0.015625,0.08,0.5,0.08,1.0143490382940403,0.05008999246654339,0.08088130941278174,0.09513565870705111,119938.16797123547,4177.228447226479,0.6666666666666666,0.0,2.0,True,True,True
128,64,0.015625,0.08,0.75,0.08,1.0181483933838282,0.049673768579569955,0.10220120428155469,0.11363348732436554,355002.21096051706,6894.739661723725,0.5714285714285714,0.0,4.0,True,True,True
128,128,0.0078125,0.0,0.0,0.0,1.0033949937268631,0.0,0.019188712101136665,0.019188712101136665,67075.9998807323,3268.4675284808527,1.0,0.0,1.0,True,True,True
128,128,0.0078125,0.0,0.25,0.0,1.0052657295941883,0.0,0.029748354552263576,0.029748354552263576,76428.45472942847,3446.7367473259173,0.8,0.0,1.3333333333333333,True,True,True
128,128,0.0078125,0.0,0.5,0.0,1.007144363516315,0.0,0.040342695636845345,0.040342695636845345,119938.16797123547,4177.228447226479,0.6666666666666666,0.0,2.0,True,True,True
128,128,0.0078125,0.0,0.75,0.0,1.0090310566426868,0.0,0.0509725458252492,0.0509725458252492,355002.21096051706,6894.739661723725,0.5714285714285714,0.0,4.0,True,True,True
128,128,0.0078125,0.02,0.0,0.02,1.0033949937268631,0.012671245681559262,0.019188712101136665,0.022994937251985335,67075.9998807323,3268.4675284808527,1.0,0.0,1.0,True,True,True
128,128,0.0078125,0.02,0.25,0.02,1.0052657295941883,0.012578596805027945,0.029748354552263576,0.03229838534897125,76428.45472942847,3446.7367473259173,0.8,0.0,1.3333333333333333,True,True,True
128,128,0.0078125,0.02,0.5,0.02,1.007144363516315,0.012473116285347152,0.040342695636845345,0.04222690754856354,119938.16797123547,4177.228447226479,0.6666666666666666,0.0,2.0,True,True,True
128,128,0.0078125,0.02,0.75,0.02,1.0090310566426868,0.012360012621735124,0.0509725458252492,0.052449693420615735,355002.21096051706,6894.739661723725,0.5714285714285714,0.0,4.0,True,True,True
128,128,0.0078125,0.04,0.0,0.04,1.0033949937268631,0.025342491363118523,0.019188712101136665,0.03178755323377447,67075.9998807323,3268.4675284808527,1.0,0.0,1.0,True,True,True
128,128,0.0078125,0.04,0.25,0.04,1.0052657295941883,0.02515719361005589,0.029748354552263576,0.038959581477487897,76428.45472942847,3446.7367473259173,0.8,0.0,1.3333333333333333,True,True,True
128,128,0.0078125,0.04,0.5,0.04,1.007144363516315,0.024946232570694303,0.040342695636845345,0.0474325585512558,119938.16797123547,4177.228447226479,0.6666666666666666,0.0,2.0,True,True,True
128,128,0.0078125,0.04,0.75,0.04,1.0090310566426868,0.024720025243470247,0.0509725458252492,0.05665050817022683,355002.21096051706,6894.739661723725,0.5714285714285714,0.0,4.0,True,True,True
128,128,0.0078125,0.08,0.0,0.08,1.0033949937268631,0.050684982726237046,0.019188712101136665,0.05419570228403039,67075.9998807323,3268.4675284808527,1.0,0.0,1.0,True,True,True
128,128,0.0078125,0.08,0.25,0.08,1.0052657295941883,0.05031438722011178,0.029748354552263576,0.05845085251647343,76428.45472942847,3446.7367473259173,0.8,0.0,1.3333333333333333,True,True,True
128,128,0.0078125,0.08,0.5,0.08,1.007144363516315,0.049892465141388606,0.040342695636845345,0.06416222540663484,119938.16797123547,4177.228447226479,0.6666666666666666,0.0,2.0,True,True,True
128,128,0.0078125,0.08,0.75,0.08,1.0090310566426868,0.049440050486940494,0.0509725458252492,0.07101069651861158,355002.21096051706,6894.739661723725,0.5714285714285714,0.0,4.0,True,True,True
128,256,0.00390625,0.0,0.0,0.0,1.0016931383843215,0.0,0.009573786341927227,0.009573786341927227,67075.9998807323,3268.4675284808527,1.0,0.0,1.0,True,True,True
128,256,0.00390625,0.0,0.25,0.0,1.0026274731747342,0.0,0.014853482412790582,0.014853482412790582,76428.45472942847,3446.7367473259173,0.8,0.0,1.3333333333333333,True,True,True
128,256,0.00390625,0.0,0.5,0.0,1.0035646348261436,0.0,0.02014668174462621,0.02014668174462621,119938.16797123547,4177.228447226479,0.6666666666666666,0.0,2.0,True,True,True
128,256,0.00390625,0.0,0.75,0.0,1.0045047140809173,0.0,0.02545387759127244,0.02545387759127244,355002.21096051706,6894.739661723725,0.5714285714285714,0.0,4.0,True,True,True
128,256,0.00390625,0.02,0.0,0.02,1.0016931383843215,0.01265680490216929,0.009573786341927227,0.015869848620968283,67075.9998807323,3268.4675284808527,1.0,0.0,1.0,True,True,True
128,256,0.00390625,0.02,0.25,0.02,1.0026274731747342,0.012558862493029345,0.014853482412790582,0.019451245895980504,76428.45472942847,3446.7367473259173,0.8,0.0,1.3333333333333333,True,True,True
128,256,0.00390625,0.02,0.5,0.02,1.0035646348261436,0.01244851928655402,0.02014668174462621,0.023682365121477256,119938.16797123547,4177.228447226479,0.6666666666666666,0.0,2.0,True,True,True
128,256,0.00390625,0.02,0.75,0.02,1.0045047140809173,0.012330906475633662,0.02545387759127244,0.028283407484642042,355002.21096051706,6894.739661723725,0.5714285714285714,0.0,4.0,True,True,True
128,256,0.00390625,0.04,0.0,0.04,1.0016931383843215,0.02531360980433858,0.009573786341927227,0.0270635590092504,67075.9998807323,3268.4675284808527,1.0,0.0,1.0,True,True,True
128,256,0.00390625,0.04,0.25,0.04,1.0026274731747342,0.02511772498605869,0.014853482412790582,0.029180919249783003,76428.45472942847,3446.7367473259173,0.8,0.0,1.3333333333333333,True,True,True
128,256,0.00390625,0.04,0.5,0.04,1.0035646348261436,0.02489703857310804,0.02014668174462621,0.032027352607265004,119938.16797123547,4177.228447226479,0.6666666666666666,0.0,2.0,True,True,True
128,256,0.00390625,0.04,0.75,0.04,1.0045047140809173,0.024661812951267324,0.02545387759127244,0.035441570259721535,355002.21096051706,6894.739661723725,0.5714285714285714,0.0,4.0,True,True,True
128,256,0.00390625,0.08,0.0,0.08,1.0016931383843215,0.05062721960867716,0.009573786341927227,0.05152448689920257,67075.9998807323,3268.4675284808527,1.0,0.0,1.0,True,True,True
128,256,0.00390625,0.08,0.25,0.08,1.0026274731747342,0.05023544997211738,0.014853482412790582,0.05238536411716718,76428.45472942847,3446.7367473259173,0.8,0.0,1.3333333333333333,True,True,True
128,256,0.00390625,0.08,0.5,0.08,1.0035646348261436,0.04979407714621608,0.02014668174462621,0.05371535073107662,119938.16797123547,4177.228447226479,0.6666666666666666,0.0,2.0,True,True,True
128,256,0.00390625,0.08,0.75,0.08,1.0045047140809173,0.04932362590253465,0.02545387759127244,0.05550423368180726,355002.21096051706,6894.739661723725,0.5714285714285714,0.0,4.0,True,True,True
128,512,0.001953125,0.0,0.0,0.0,1.0008454830200713,0.0,0.004781763703506327,0.004781763703506327,67075.9998807323,3268.4675284808527,1.0,0.0,1.0,True,True,True
128,512,0.001953125,0.0,0.25,0.0,1.0013123901859964,0.0,0.007421565801506964,0.007421565801506964,76428.45472942847,3446.7367473259173,0.8,0.0,1.3333333333333333,True,True,True
128,512,0.001953125,0.0,0.5,0.0,1.0017804297602297,0.0,0.010067152683256008,0.010067152683256008,119938.16797123547,4177.228447226479,0.6666666666666666,0.0,2.0,True,True,True
128,512,0.001953125,0.0,0.75,0.0,1.0022496500110578,0.0,0.012718793035234275,0.012718793035234275,355002.21096051706,6894.739661723725,0.5714285714285714,0.0,4.0,True,True,True
128,512,0.001953125,0.02,0.0,0.02,1.0008454830200713,0.012649602174909113,0.004781763703506327,0.013523228139007191,67075.9998807323,3268.4675284808527,1.0,0.0,1.0,True,True,True
128,512,0.001953125,0.02,0.25,0.02,1.0013123901859964,0.012549015621903036,0.007421565801506964,0.014579349506231893,76428.45472942847,3446.7367473259173,0.8,0.0,1.3333333333333333,True,True,True
128,512,0.001953125,0.02,0.5,0.02,1.0017804297602297,0.012436244314608234,0.010067152683256008,0.01600024174194297,119938.16797123547,4177.228447226479,0.6666666666666666,0.0,2.0,True,True,True
128,512,0.001953125,0.02,0.75,0.02,1.0022496500110578,0.012316380779582498,0.012718793035234275,0.017704827922936532,355002.21096051706,6894.739661723725,0.5714285714285714,0.0,4.0,True,True,True
128,512,0.001953125,0.04,0.0,0.04,1.0008454830200713,0.025299204349818225,0.004781763703506327,0.025747135857217825,67075.9998807323,3268.4675284808527,1.0,0.0,1.0,True,True,True
128,512,0.001953125,0.04,0.25,0.04,1.0013123901859964,0.025098031243806072,0.007421565801506964,0.026172329114184,76428.45472942847,3446.7367473259173,0.8,0.0,1.3333333333333333,True,True,True
128,512,0.001953125,0.04,0.5,0.04,1.0017804297602297,0.02487248862921647,0.010067152683256008,0.026832596850817313,119938.16797123547,4177.228447226479,0.6666666666666666,0.0,2.0,True,True,True
128,512,0.001953125,0.04,0.75,0.04,1.0022496500110578,0.024632761559164995,0.012718793035234275,0.027722565507250597,355002.21096051706,6894.739661723725,0.5714285714285714,0.0,4.0,True,True,True
128,512,0.001953125,0.08,0.0,0.08,1.0008454830200713,0.05059840869963645,0.004781763703506327,0.05082385490152844,67075.9998807323,3268.4675284808527,1.0,0.0,1.0,True,True,True
128,512,0.001953125,0.08,0.25,0.08,1.0013123901859964,0.050196062487612145,0.007421565801506964,0.050741741477863776,76428.45472942847,3446.7367473259173,0.8,0.0,1.3333333333333333,True,True,True
128,512,0.001953125,0.08,0.5,0.08,1.0017804297602297,0.04974497725843294,0.010067152683256008,0.050753426737413496,119938.16797123547,4177.228447226479,0.6666666666666666,0.0,2.0,True,True,True
128,512,0.001953125,0.08,0.75,0.08,1.0022496500110578,0.04926552311832999,0.012718793035234275,0.05088083592469596,355002.21096051706,6894.739661723725,0.5714285714285714,0.0,4.0,True,True,True
256,8,0.125,0.0,0.0,0.0,1.0587955275319167,0.0,0.46364646875565896,0.46364646875565896,265219.9999698364,9201.822427773648,1.0,0.0,1.0,True,True,True
256,8,0.125,0.0,0.25,0.0,1.089534972454533,0.0,0.7009267092685718,0.7009267092685718,301981.5251599264,9699.715791761177,0.8,0.0,1.3333333333333333,True,True,True
256,8,0.125,0.0,0.5,0.0,1.1214250401806731,0.0,0.9435772576587951,0.9435772576587951,472876.86165490537,11740.259476845296,0.6666666666666666,0.0,2.0,True,True,True
256,8,0.125,0.0,0.75,0.0,1.1544853006884446,0.0,1.1915164245694676,1.1915164245694676,1394717.6350316557,19334.552763591502,0.5714285714285714,0.0,4.0,True,True,True
256,8,0.125,0.02,0.0,0.02,1.0587955275319167,0.013127821683883668,0.46364646875565896,0.4638322840119649,265219.9999698364,9201.822427773648,1.0,0.0,1.0,True,True,True
256,8,0.125,0.02,0.25,0.02,1.089534972454533,0.013196533316635884,0.7009267092685718,0.7010509255807641,301981.5251599264,9699.715791761177,0.8,0.0,1.3333333333333333,True,True,True
256,8,0.125,0.02,0.5,0.02,1.1214250401806731,0.013239514068271738,0.9435772576587951,0.9436701361724107,472876.86165490537,11740.259476845296,0.6666666666666666,0.0,2.0,True,True,True
256,8,0.125,0.02,0.75,0.02,1.1544853006884446,0.013264282529161646,1.1915164245694676,1.1915902530693263,1394717.6350316557,19334.552763591502,0.5714285714285714,0.0,4.0,True,True,True
256,8,0.125,0.04,0.0,0.04,1.0587955275319167,0.026255643367767336,0.46364646875565896,0.4643892836815333,265219.9999698364,9201.822427773648,1.0,0.0,1.0,True,True,True
256,8,0.125,0.04,0.25,0.04,1.089534972454533,0.026393066633271768,0.7009267092685718,0.7014234425312411,301981.5251599264,9699.715791761177,0.8,0.0,1.3333333333333333,True,True,True
256,8,0.125,0.04,0.5,0.04,1.1214250401806731,0.026479028136543476,0.9435772576587951,0.9439487168813505,472876.86165490537,11740.259476845296,0.6666666666666666,0.0,2.0,True,True,True
256,8,0.125,0.04,0.75,0.04,1.1544853006884446,0.02652856505832329,1.1915164245694676,1.1918117111284239,1394717.6350316557,19334.552763591502,0.5714285714285714,0.0,4.0,True,True,True
256,8,0.125,0.08,0.0,0.08,1.0587955275319167,0.05251128673553467,0.46364646875565896,0.4666106334238578,265219.9999698364,9201.822427773648,1.0,0.0,1.0,True,True,True
256,8,0.125,0.08,0.25,0.08,1.089534972454533,0.052786133266543536,0.7009267092685718,0.7029115361347417,301981.5251599264,9699.715791761177,0.8,0.0,1.3333333333333333,True,True,True
256,8,0.125,0.08,0.5,0.08,1.1214250401806731,0.05295805627308695,0.9435772576587951,0.9450622185312011,472876.86165490537,11740.259476845296,0.6666666666666666,0.0,2.0,True,True,True
256,8,0.125,0.08,0.75,0.08,1.1544853006884446,0.05305713011664658,1.1915164245694676,1.1926971321651707,1394717.6350316557,19334.552763591502,0.5714285714285714,0.0,4.0,True,True,True
256,16,0.0625,0.0,0.0,0.0,1.0281681036652583,0.0,0.2237799090811805,0.2237799090811805,265219.9999698364,9201.822427773648,1.0,0.0,1.0,True,True,True
256,16,0.0625,0.0,0.25,0.0,1.0433463739967932,0.0,0.34309247796080555,0.34309247796080555,301981.5251599264,9699.715791761177,0.8,0.0,1.3333333333333333,True,True,True
256,16,0.0625,0.0,0.5,0.0,1.0588339248495242,0.0,0.4639449938791458,0.4639449938791458,472876.86165490537,11740.259476845296,0.6666666666666666,0.0,2.0,True,True,True
256,16,0.0625,0.0,0.75,0.0,1.0746327309645471,0.0,0.5863190348830578,0.5863190348830578,1394717.6350316557,19334.552763591502,0.5714285714285714,0.0,4.0,True,True,True
256,16,0.0625,0.02,0.0,0.02,1.0281681036652583,0.012878517390964144,0.2237799090811805,0.2241501816161896,265219.9999698364,9201.822427773648,1.0,0.0,1.0,True,True,True
256,16,0.0625,0.02,0.25,0.02,1.0433463739967932,0.012860640052677924,0.34309247796080555,0.34333343049556125,301981.5251599264,9699.715791761177,0.8,0.0,1.3333333333333333,True,True,True
256,16,0.0625,0.02,0.5,0.02,1.0588339248495242,0.012823994955238798,0.4639449938791458,0.4641221953237451,472876.86165490537,11740.259476845296,0.6666666666666666,0.0,2.0,True,True,True
256,16,0.0625,0.02,0.75,0.02,1.0746327309645471,0.012774868850794744,0.5863190348830578,0.5864581894221917,1394717.6350316557,19334.552763591502,0.5714285714285714,0.0,4.0,True,True,True
256,16,0.0625,0.04,0.0,0.04,1.0281681036652583,0.025757034781928288,0.2237799090811805,0.2252573473810319,265219.9999698364,9201.822427773648,1.0,0.0,1.0,True,True,True
256,16,0.0625,0.04,0.25,0.04,1.0433463739967932,0.025721280105355848,0.34309247796080555,0.3440552756223105,301981.5251599264,9699.715791761177,0.8,0.0,1.3333333333333333,True,True,True
256,16,0.0625,0.04,0.5,0.04,1.0588339248495242,0.025647989910477596,0.4639449938791458,0.4646533941896568,472876.86165490537,11740.259476845296,0.6666666666666666,0.0,2.0,True,True,True
256,16,0.0625,0.04,0.75,0.04,1.0746327309645471,0.025549737701589487,0.5863190348830578,0.5868754550693192,1394717.6350316557,19334.552763591502,0.5714285714285714,0.0,4.0,True,True,True
256,16,0.0625,0.08,0.0,0.08,1.0281681036652583,0.051514069563856575,0.2237799090811805,0.22963263503128484,265219.9999698364,9201.822427773648,1.0,0.0,1.0,True,True,True
256,16,0.0625,0.08,0.25,0.08,1.0433463739967932,0.051442560210711696,0.34309247796080555,0.3469276371728239,301981.5251599264,9699.715791761177,0.8,0.0,1.3333333333333333,True,True,True
256,16,0.0625,0.08,0.5,0.08,1.0588339248495242,0.05129597982095519,0.4639449938791458,0.46677214451090854,472876.86165490537,11740.259476845296,0.6666666666666666,0.0,2.0,True,True,True
256,16,0.0625,0.08,0.75,0.08,1.0746327309645471,0.051099475403178975,0.5863190348830578,0.5885415593249813,1394717.6350316557,19334.552763591502,0.5714285714285714,0.0,4.0,True,True,True
256,32,0.03125,0.0,0.0,0.0,1.013792316944786,0.0,0.10996068082927479,0.10996068082927479,265219.9999698364,9201.822427773648,1.0,0.0,1.0,True,True,True
256,32,0.03125,0.0,0.25,0.0,1.0213230321171602,0.0,0.16968448121338753,0.16968448121338753,301981.5251599264,9699.715791761177,0.8,0.0,1.3333333333333333,True,True,True
256,32,0.03125,0.0,0.5,0.0,1.0289387235062781,0.0,0.2298586937042444,0.2298586937042444,472876.86165490537,11740.259476845296,0.6666666666666666,0.0,2.0,True,True,True
256,32,0.03125,0.0,0.75,0.0,1.036639852050998,0.0,0.2904819488269119,0.2904819488269119,1394717.6350316557,19334.552763591502,0.5714285714285714,0.0,4.0,True,True,True
256,32,0.03125,0.02,0.0,0.02,1.013792316944786,0.012758894214873676,0.10996068082927479,0.11069842234658983,265219.9999698364,9201.822427773648,1.0,0.0,1.0,True,True,True
256,32,0.03125,0.02,0.25,0.02,1.0213230321171602,0.0126981466459325,0.16968448121338753,0.1701589436171313,301981.5251599264,9699.715791761177,0.8,0.0,1.3333333333333333,True,True,True
256,32,0.03125,0.02,0.5,0.02,1.0289387235062781,0.012622009793399138,0.2298586937042444,0.23020498301002587,472876.86165490537,11740.259476845296,0.6666666666666666,0.0,2.0,True,True,True
256,32,0.03125,0.02,0.75,0.02,1.036639852050998,0.012536155217983595,0.2904819488269119,0.29075233065605866,1394717.6350316557,19334.552763591502,0.5714285714285714,0.0,4.0,True,True,True
256,32,0.03125,0.04,0.0,0.04,1.013792316944786,0.025517788429747352,0.10996068082927479,0.11288272168398045,265219.9999698364,9201.822427773648,1.0,0.0,1.0,True,True,True
256,32,0.03125,0.04,0.25,0.04,1.0213230321171602,0.025396293291865,0.16968448121338753,0.17157445869832402,301981.5251599264,9699.715791761177,0.8,0.0,1.3333333333333333,True,True,True
256,32,0.03125,0.04,0.5,0.04,1.0289387235062781,0.025244019586798276,0.2298586937042444,0.23124073948229862,472876.86165490537,11740.259476845296,0.6666666666666666,0.0,2.0,True,True,True
256,32,0.03125,0.04,0.75,0.04,1.036639852050998,0.02507231043596719,0.2904819488269119,0.2915619717056362,1394717.6350316557,19334.552763591502,0.5714285714285714,0.0,4.0,True,True,True
256,32,0.03125,0.08,0.0,0.08,1.013792316944786,0.051035576859494704,0.10996068082927479,0.12122698310945064,265219.9999698364,9201.822427773648,1.0,0.0,1.0,True,True,True
256,32,0.03125,0.08,0.25,0.08,1.0213230321171602,0.05079258658373,0.16968448121338753,0.17712343158521454,301981.5251599264,9699.715791761177,0.8,0.0,1.3333333333333333,True,True,True
256,32,0.03125,0.08,0.5,0.08,1.0289387235062781,0.05048803917359655,0.2298586937042444,0.23533818468539325,472876.86165490537,11740.259476845296,0.6666666666666666,0.0,2.0,True,True,True
256,32,0.03125,0.08,0.75,0.08,1.036639852050998,0.05014462087193438,0.2904819488269119,0.2947782990599388,1394717.6350316557,19334.552763591502,0.5714285714285714,0.0,4.0,True,True,True
256,64,0.015625,0.0,0.0,0.0,1.0068250774576404,0.0,0.05450777287039443,0.05450777287039443,265219.9999698364,9201.822427773648,1.0,0.0,1.0,True,True,True
256,64,0.015625,0.0,0.25,0.0,1.010574687377937,0.0,0.08437502574320987,0.08437502574320987,301981.5251599264,9699.715791761177,0.8,0.0,1.3333333333333333,True,True,True
256,64,0.015625,0.0,0.5,0.0,1.0143490382940403,0.0,0.1143834447140506,0.1143834447140506,472876.86165490537,11740.259476845296,0.6666666666666666,0.0,2.0,True,True,True
256,64,0.015625,0.0,0.75,0.0,1.0181483933838282,0.0,0.14453432918583786,0.14453432918583786,1394717.6350316557,19334.552763591502,0.5714285714285714,0.0,4.0,True,True,True
256,64,0.015625,0.02,0.0,0.02,1.0068250774576404,0.01270026951512186,0.05450777287039443,0.055967795642201605,265219.9999698364,9201.822427773648,1.0,0.0,1.0,True,True,True
256,64,0.015625,0.02,0.25,0.02,1.010574687377937,0.012618228241556798,0.08437502574320987,0.0853133322120485,301981.5251599264,9699.715791761177,0.8,0.0,1.3333333333333333,True,True,True
256,64,0.015625,0.02,0.5,0.02,1.0143490382940403,0.012522498116635847,0.1143834447140506,0.11506687352897627,472876.86165490537,11740.259476845296,0.6666666666666666,0.0,2.0,True,True,True
256,64,0.015625,0.02,0.75,0.02,1.0181483933838282,0.012418442144892489,0.14453432918583786,0.14506684672421258,1394717.6350316557,19334.552763591502,0.5714285714285714,0.0,4.0,True,True,True
256,64,0.015625,0.04,0.0,0.04,1.0068250774576404,0.02540053903024372,0.05450777287039443,0.06013555259842086,265219.9999698364,9201.822427773648,1.0,0.0,1.0,True,True,True
256,64,0.015625,0.04,0.25,0.04,1.010574687377937,0.025236456483113595,0.08437502574320987,0.08806829000833055,301981.5251599264,9699.715791761177,0.8,0.0,1.3333333333333333,True,True,True
256,64,0.015625,0.04,0.5,0.04,1.0143490382940403,0.025044996233271694,0.1143834447140506,0.11709322892881921,472876.86165490537,11740.259476845296,0.6666666666666666,0.0,2.0,True,True,True
256,64,0.015625,0.04,0.75,0.04,1.0181483933838282,0.024836884289784977,0.14453432918583786,0.1466527979086124,1394717.6350316557,19334.552763591502,0.5714285714285714,0.0,4.0,True,True,True
256,64,0.015625,0.08,0.0,0.08,1.0068250774576404,0.05080107806048744,0.05450777287039443,0.07451071624537135,265219.9999698364,9201.822427773648,1.0,0.0,1.0,True,True,True
256,64,0.015625,0.08,0.25,0.08,1.010574687377937,0.05047291296622719,0.08437502574320987,0.09831917367667241,301981.5251599264,9699.715791761177,0.8,0.0,1.3333333333333333,True,True,True
256,64,0.015625,0.08,0.5,0.08,1.0143490382940403,0.05008999246654339,0.1143834447140506,0.12487025174136009,472876.86165490537,11740.259476845296,0.6666666666666666,0.0,2.0,True,True,True
256,64,0.015625,0.08,0.75,0.08,1.0181483933838282,0.049673768579569955,0.14453432918583786,0.1528321157286544,1394717.6350316557,19334.552763591502,0.5714285714285714,0.0,4.0,True,True,True
256,128,0.0078125,0.0,0.0,0.0,1.0033949937268631,0.0,0.0271369368979002,0.0271369368979002,265219.9999698364,9201.822427773648,1.0,0.0,1.0,True,True,True
256,128,0.0078125,0.0,0.25,0.0,1.0052657295941883,0.0,0.04207052646609455,0.04207052646609455,301981.5251599264,9699.715791761177,0.8,0.0,1.3333333333333333,True,True,True
256,128,0.0078125,0.0,0.5,0.0,1.007144363516315,0.0,0.05705318731231657,0.05705318731231657,472876.86165490537,11740.259476845296,0.6666666666666666,0.0,2.0,True,True,True
256,128,0.0078125,0.0,0.75,0.0,1.0090310566426868,0.0,0.0720860656147515,0.0720860656147515,1394717.6350316557,19334.552763591502,0.5714285714285714,0.0,4.0,True,True,True
256,128,0.0078125,0.02,0.0,0.02,1.0033949937268631,0.012671245681559262,0.0271369368979002,0.029949521053316552,265219.9999698364,9201.822427773648,1.0,0.0,1.0,True,True,True
256,128,0.0078125,0.02,0.25,0.02,1.0052657295941883,0.012578596805027945,0.04207052646609455,0.0439107082010507,301981.5251599264,9699.715791761177,0.8,0.0,1.3333333333333333,True,True,True
256,128,0.0078125,0.02,0.5,0.02,1.007144363516315,0.012473116285347152,0.05705318731231657,0.058400726128722685,472876.86165490537,11740.259476845296,0.6666666666666666,0.0,2.0,True,True,True
256,128,0.0078125,0.02,0.75,0.02,1.0090310566426868,0.012360012621735124,0.0720860656147515,0.07313802545751226,1394717.6350316557,19334.552763591502,0.5714285714285714,0.0,4.0,True,True,True
256,128,0.0078125,0.04,0.0,0.04,1.0033949937268631,0.025342491363118523,0.0271369368979002,0.03713024660152898,265219.9999698364,9201.822427773648,1.0,0.0,1.0,True,True,True
256,128,0.0078125,0.04,0.25,0.04,1.0052657295941883,0.02515719361005589,0.04207052646609455,0.04901850250128209,301981.5251599264,9699.715791761177,0.8,0.0,1.3333333333333333,True,True,True
256,128,0.0078125,0.04,0.5,0.04,1.007144363516315,0.024946232570694303,0.05705318731231657,0.062268617312137654,472876.86165490537,11740.259476845296,0.6666666666666666,0.0,2.0,True,True,True
256,128,0.0078125,0.04,0.75,0.04,1.0090310566426868,0.024720025243470247,0.0720860656147515,0.07620682714725804,1394717.6350316557,19334.552763591502,0.5714285714285714,0.0,4.0,True,True,True
256,128,0.0078125,0.08,0.0,0.08,1.0033949937268631,0.050684982726237046,0.0271369368979002,0.057492441400235954,265219.9999698364,9201.822427773648,1.0,0.0,1.0,True,True,True
256,128,0.0078125,0.08,0.25,0.08,1.0052657295941883,0.05031438722011178,0.04207052646609455,0.06558556821793732,301981.5251599264,9699.715791761177,0.8,0.0,1.3333333333333333,True,True,True
256,128,0.0078125,0.08,0.5,0.08,1.007144363516315,0.049892465141388606,0.05705318731231657,0.07579132048182666,472876.86165490537,11740.259476845296,0.6666666666666666,0.0,2.0,True,True,True
256,128,0.0078125,0.08,0.75,0.08,1.0090310566426868,0.049440050486940494,0.0720860656147515,0.08741120893778717,1394717.6350316557,19334.552763591502,0.5714285714285714,0.0,4.0,True,True,True
256,256,0.00390625,0.0,0.0,0.0,1.0016931383843215,0.0,0.013539378488015785,0.013539378488015785,265219.9999698364,9201.822427773648,1.0,0.0,1.0,True,True,True
256,256,0.00390625,0.0,0.25,0.0,1.0026274731747342,0.0,0.021005996276638683,0.021005996276638683,301981.5251599264,9699.715791761177,0.8,0.0,1.3333333333333333,True,True,True
256,256,0.00390625,0.0,0.5,0.0,1.0035646348261436,0.0,0.02849171056006483,0.02849171056006483,472876.86165490537,11740.259476845296,0.6666666666666666,0.0,2.0,True,True,True
256,256,0.00390625,0.0,0.75,0.0,1.0045047140809173,0.0,0.03599721890456209,0.03599721890456209,1394717.6350316557,19334.552763591502,0.5714285714285714,0.0,4.0,True,True,True
256,256,0.00390625,0.02,0.0,0.02,1.0016931383843215,0.01265680490216929,0.013539378488015785,0.01853400874536648,265219.9999698364,9201.822427773648,1.0,0.0,1.0,True,True,True
256,256,0.00390625,0.02,0.25,0.02,1.0026274731747342,0.012558862493029345,0.021005996276638683,0.02447400471302107,301981.5251599264,9699.715791761177,0.8,0.0,1.3333333333333333,True,True,True
256,256,0.00390625,0.02,0.5,0.02,1.0035646348261436,0.01244851928655402,0.02849171056006483,0.031092494320433945,472876.86165490537,11740.259476845296,0.6666666666666666,0.0,2.0,True,True,True
256,256,0.00390625,0.02,0.75,0.02,1.0045047140809173,0.012330906475633662,0.03599721890456209,0.03805063762111992,1394717.6350316557,19334.552763591502,0.5714285714285714,0.0,4.0,True,True,True
256,256,0.00390625,0.04,0.0,0.04,1.0016931383843215,0.02531360980433858,0.013539378488015785,0.02870703069228949,265219.9999698364,9201.822427773648,1.0,0.0,1.0,True,True,True
256,256,0.00390625,0.04,0.25,0.04,1.0026274731747342,0.02511772498605869,0.021005996276638683,0.03274373204217008,301981.5251599264,9699.715791761177,0.8,0.0,1.3333333333333333,True,True,True
256,256,0.00390625,0.04,0.5,0.04,1.0035646348261436,0.02489703857310804,0.02849171056006483,0.03783702023613037,472876.86165490537,11740.259476845296,0.6666666666666666,0.0,2.0,True,True,True
256,256,0.00390625,0.04,0.75,0.04,1.0045047140809173,0.024661812951267324,0.03599721890456209,0.04363490331038054,1394717.6350316557,19334.552763591502,0.5714285714285714,0.0,4.0,True,True,True
256,256,0.00390625,0.08,0.0,0.08,1.0016931383843215,0.05062721960867716,0.013539378488015785,0.05240639402923053,265219.9999698364,9201.822427773648,1.0,0.0,1.0,True,True,True
256,256,0.00390625,0.08,0.25,0.08,1.0026274731747342,0.05023544997211738,0.021005996276638683,0.05445045742209395,301981.5251599264,9699.715791761177,0.8,0.0,1.3333333333333333,True,True,True
256,256,0.00390625,0.08,0.5,0.08,1.0035646348261436,0.04979407714621608,0.02849171056006483,0.057369222493265745,472876.86165490537,11740.259476845296,0.6666666666666666,0.0,2.0,True,True,True
256,256,0.00390625,0.08,0.75,0.08,1.0045047140809173,0.04932362590253465,0.03599721890456209,0.0610624257709776,1394717.6350316557,19334.552763591502,0.5714285714285714,0.0,4.0,True,True,True
256,512,0.001953125,0.0,0.0,0.0,1.0008454830200713,0.0,0.006762435081562046,0.006762435081562046,265219.9999698364,9201.822427773648,1.0,0.0,1.0,True,True,True
256,512,0.001953125,0.0,0.25,0.0,1.0013123901859964,0.0,0.010495679010535497,0.010495679010535497,301981.5251599264,9699.715791761177,0.8,0.0,1.3333333333333333,True,True,True
256,512,0.001953125,0.0,0.5,0.0,1.0017804297602297,0.0,0.014237103859141342,0.014237103859141342,472876.86165490537,11740.259476845296,0.6666666666666666,0.0,2.0,True,True,True
256,512,0.001953125,0.0,0.75,0.0,1.0022496500110578,0.0,0.017987089607444773,0.017987089607444773,1394717.6350316557,19334.552763591502,0.5714285714285714,0.0,4.0,True,True,True
256,512,0.001953125,0.02,0.0,0.02,1.0008454830200713,0.012649602174909113,0.006762435081562046,0.01434374300577804,265219.9999698364,9201.822427773648,1.0,0.0,1.0,True,True,True
256,512,0.001953125,0.02,0.25,0.02,1.0013123901859964,0.012549015621903036,0.010495679010535497,0.016359617078983292,301981.5251599264,9699.715791761177,0.8,0.0,1.3333333333333333,True,True,True
256,512,0.001953125,0.02,0.5,0.02,1.0017804297602297,0.012436244314608234,0.014237103859141342,0.018903843496723173,472876.86165490537,11740.259476845296,0.6666666666666666,0.0,2.0,True,True,True
256,512,0.001953125,0.02,0.75,0.02,1.0022496500110578,0.012316380779582498,0.017987089607444773,0.02179973917398823,1394717.6350316557,19334.552763591502,0.5714285714285714,0.0,4.0,True,True,True
256,512,0.001953125,0.04,0.0,0.04,1.0008454830200713,0.025299204349818225,0.006762435081562046,0.026187406686539287,265219.9999698364,9201.822427773648,1.0,0.0,1.0,True,True,True
256,512,0.001953125,0.04,0.25,0.04,1.0013123901859964,0.025098031243806072,0.010495679010535497,0.027204235887215454,301981.5251599264,9699.715791761177,0.8,0.0,1.3333333333333333,True,True,True
256,512,0.001953125,0.04,0.5,0.04,1.0017804297602297,0.02487248862921647,0.014237103859141342,0.028658957010095115,472876.86165490537,11740.259476845296,0.6666666666666666,0.0,2.0,True,True,True
256,512,0.001953125,0.04,0.75,0.04,1.0022496500110578,0.024632761559164995,0.017987089607444773,0.03050095628954811,1394717.6350316557,19334.552763591502,0.5714285714285714,0.0,4.0,True,True,True
256,512,0.001953125,0.08,0.0,0.08,1.0008454830200713,0.05059840869963645,0.006762435081562046,0.051048305468132694,265219.9999698364,9201.822427773648,1.0,0.0,1.0,True,True,True
256,512,0.001953125,0.08,0.25,0.08,1.0013123901859964,0.050196062487612145,0.010495679010535497,0.05128161431890048,301981.5251599264,9699.715791761177,0.8,0.0,1.3333333333333333,True,True,True
256,512,0.001953125,0.08,0.5,0.08,1.0017804297602297,0.04974497725843294,0.014237103859141342,0.05174222539414001,472876.86165490537,11740.259476845296,0.6666666666666666,0.0,2.0,True,True,True
256,512,0.001953125,0.08,0.75,0.08,1.0022496500110578,0.04926552311832999,0.017987089607444773,0.05244642180996673,1394717.6350316557,19334.552763591502,0.5714285714285714,0.0,4.0,True,True,True
